Property Name,Rent,Management Fee,Deposit,Key Money,Floor Plan,Area Size,Direction,Building Age,Address,Station Info,Agency Name,Agency Phone,Property URL
クラッシィハウス大手町,32万円,管理費 15000円,敷32万円,礼32万円,2LDK,54.13m2,東,,,"
東京メトロ半蔵門線/大手町駅 歩4分
東京メトロ丸ノ内線/淡路町駅 歩6分
ＪＲ中央線/神田駅 歩8分
",,(株)プライムコーポレーション都心営業部,https://suumo.jp/chintai/bc_100400768898/
ライオンズフォーシア神田須田町,23万円,管理費 20000円,敷23万円,礼-,2LDK,45.57m2,南,,,"
ＪＲ山手線/秋葉原駅 歩5分
東京メトロ銀座線/神田駅 歩6分
都営新宿線/岩本町駅 歩6分
",,(株)ユウキ・ホーム麻布十番網代公園店,https://suumo.jp/chintai/bc_100335153441/
ライオンズフォーシア神田須田町,23万円,管理費 20000円,敷23万円,礼-,2LDK,45.57m2,南,,,"
ＪＲ山手線/秋葉原駅 歩5分
東京メトロ銀座線/神田駅 歩6分
都営新宿線/岩本町駅 歩6分
",,(株)ユウキ・ホーム麻布十番サテライト店,https://suumo.jp/chintai/bc_100335153437/
ライオンズフォーシア神田須田町,23万円,管理費 20000円,敷23万円,礼-,2LDK,45.57m2,南,,,"
ＪＲ山手線/秋葉原駅 歩5分
東京メトロ銀座線/神田駅 歩6分
都営新宿線/岩本町駅 歩6分
",,(株)ユウキ・ホーム麻布十番店,https://suumo.jp/chintai/bc_100335153675/
ライオンズフォーシア神田須田町,23万円,管理費 20000円,敷23万円,礼-,2LDK,45.57m2,南,,,"
ＪＲ山手線/秋葉原駅 歩5分
東京メトロ銀座線/神田駅 歩6分
都営新宿線/岩本町駅 歩6分
",,そらうみリアルエステート(株)本店,https://suumo.jp/chintai/bc_100335156273/
ライオンズフォーシア神田須田町,23万円,管理費 20000円,敷23万円,礼-,2LDK,45.57m2,南,,,"
ＪＲ山手線/秋葉原駅 歩5分
東京メトロ銀座線/神田駅 歩6分
都営新宿線/岩本町駅 歩6分
",,そらうみリアルエステート(株)賃貸事業本部,https://suumo.jp/chintai/bc_100335154256/
パークアクシス神田レジデンス,27.1万円,管理費 15000円,敷27.1万円,礼-,2LDK,44.66m2,東,,,"
都営新宿線/小川町駅 歩3分
ＪＲ山手線/神田駅 歩8分
東京メトロ丸ノ内線/淡路町駅 歩4分
",,アエラス御茶ノ水店 (株)アエラス,https://suumo.jp/chintai/bc_100400799131/
ブリックコート神田錦町 1002号室,22.5万円,管理費 -,敷22.5万円,礼45万円,1LDK,43.48m2,西,,,"
東京メトロ半蔵門線/神保町駅 歩3分
東京メトロ東西線/竹橋駅 歩6分
東京メトロ千代田線/新御茶ノ水駅 歩6分
",,グランデ上野店 (株)グランデ,https://suumo.jp/chintai/bc_100400796329/
ブリックコート神田錦町 1002号室,22.5万円,管理費 -,敷22.5万円,礼45万円,1LDK,43.48m2,西,,,"
東京メトロ半蔵門線/神保町駅 歩3分
東京メトロ東西線/竹橋駅 歩6分
東京メトロ千代田線/新御茶ノ水駅 歩6分
",,グランデ日本橋店 (株)グランデ,https://suumo.jp/chintai/bc_100400798236/
ヴィークグレイス三番町,29.7万円,管理費 -,敷29.7万円,礼29.7万円,2LDK,57.05m2,南,,,"
ＪＲ中央線/市ケ谷駅 歩8分
東京メトロ東西線/九段下駅 歩9分
東京メトロ半蔵門線/半蔵門駅 歩9分
",,アエラス新橋店 (株)アエラス.ER,https://suumo.jp/chintai/bc_100400763759/
ヴィークグレイス三番町,29.7万円,管理費 -,敷29.7万円,礼29.7万円,2LDK,57.05m2,南,,,"
ＪＲ中央線/市ケ谷駅 歩8分
東京メトロ東西線/九段下駅 歩9分
東京メトロ半蔵門線/半蔵門駅 歩9分
",,ソレイユ神田店 (株)ソレイユ,https://suumo.jp/chintai/bc_100400762199/
フェリーチェお茶の水,24.5万円,管理費 15000円,敷24.5万円,礼-,2DK,60.82m2,南西,,,"
都営新宿線/神保町駅 歩5分
ＪＲ中央線/御茶ノ水駅 歩9分
ＪＲ中央線/水道橋駅 歩10分
",,アエラス御茶ノ水店 (株)アエラス,https://suumo.jp/chintai/bc_100400828720/
ＧＲＡＮＳＩＴＥ千代田秋葉原,15.3万円,管理費 9000円,敷15.3万円,礼15.3万円,1LDK,35.44m2,北,,,"
東京メトロ日比谷線/秋葉原駅 歩6分
ＪＲ総武線/浅草橋駅 歩6分
都営新宿線/岩本町駅 歩7分
",,いい部屋ネット大東建託リーシング(株)新宿店,https://suumo.jp/chintai/bc_100400819784/
パークアクシス神保町 707号室,19.8万円,管理費 12000円,敷19.8万円,礼-,1DK,32.51m2,南東,,,"
都営新宿線/神保町駅 歩4分
ＪＲ中央線/水道橋駅 歩6分
都営三田線/神保町駅 歩6分
",,オレンジルーム(株),https://suumo.jp/chintai/bc_100382770225/
カスタリアお茶の水,23.5万円,管理費 12000円,敷23.5万円,礼23.5万円,1LDK,55.08m2,南西,,,"
東京メトロ千代田線/新御茶ノ水駅 歩5分
東京メトロ半蔵門線/神保町駅 歩5分
ＪＲ中央線/御茶ノ水駅 歩8分
",,アエラス御茶ノ水店 (株)アエラス,https://suumo.jp/chintai/bc_100400828612/
カスタリアお茶の水,23.5万円,管理費 12000円,敷23.5万円,礼23.5万円,1LDK,55.08m2,南西,,,"
東京メトロ半蔵門線/神保町駅 歩5分
東京メトロ千代田線/新御茶ノ水駅 歩5分
都営新宿線/小川町駅 歩4分
",,グランデ日本橋店 (株)グランデ,https://suumo.jp/chintai/bc_100400828402/
カスタリアお茶の水,23.5万円,管理費 12000円,敷23.5万円,礼23.5万円,1LDK,55.08m2,南西,,,"
東京メトロ半蔵門線/神保町駅 歩5分
東京メトロ千代田線/新御茶ノ水駅 歩5分
都営新宿線/小川町駅 歩4分
",,グランデ池袋店 (株)グランデ,https://suumo.jp/chintai/bc_100400828250/
カスタリアお茶の水,23.5万円,管理費 12000円,敷23.5万円,礼23.5万円,1LDK,55.08m2,南西,,,"
東京メトロ半蔵門線/神保町駅 歩5分
東京メトロ千代田線/新御茶ノ水駅 歩5分
都営新宿線/小川町駅 歩4分
",,グランデ上野店 (株)グランデ,https://suumo.jp/chintai/bc_100400828219/
カスタリアお茶の水,23.5万円,管理費 12000円,敷23.5万円,礼23.5万円,1LDK,54.72m2,南西,,,"
東京メトロ千代田線/新御茶ノ水駅 歩5分
東京メトロ半蔵門線/神保町駅 歩5分
ＪＲ中央線/御茶ノ水駅 歩8分
",,アエラス御茶ノ水店 (株)アエラス,https://suumo.jp/chintai/bc_100400828605/
東京メトロ半蔵門線 神保町駅 8階建 築23年,23.5万円,管理費 12000円,敷23.5万円,礼-,1LDK,54.72m2,南西,,,"
東京メトロ半蔵門線/神保町駅 歩5分
東京メトロ千代田線/新御茶ノ水駅 歩5分
ＪＲ総武線/御茶ノ水駅 歩8分
",,御茶ノ水不動産スーペリアホーム スーペリアス(株),https://suumo.jp/chintai/bc_100400807472/
アルプエンテ大手町,20万円,管理費 15000円,敷20万円,礼20万円,1LDK,44.58m2,北,,,"
東京メトロ丸ノ内線/大手町駅 歩7分
ＪＲ山手線/神田駅 歩10分
ＪＲ中央線/御茶ノ水駅 歩14分
",,グランデ日本橋店 (株)グランデ,https://suumo.jp/chintai/bc_100400798216/
アルプエンテ大手町,20万円,管理費 15000円,敷20万円,礼20万円,1LDK,44.58m2,北,,,"
東京メトロ丸ノ内線/大手町駅 歩7分
ＪＲ山手線/神田駅 歩10分
ＪＲ中央線/御茶ノ水駅 歩14分
",,グランデ上野店 (株)グランデ,https://suumo.jp/chintai/bc_100400796127/
Ａｎｖｉｌｌｅ神田司町,20.3万円,管理費 15000円,敷20.3万円,礼20.3万円,1LDK,43.53m2,南,,,"
ＪＲ山手線/神田駅 歩7分
東京メトロ丸ノ内線/淡路町駅 歩4分
都営新宿線/小川町駅 歩5分
",,いい部屋ネット大東建託リーシング(株)新宿店,https://suumo.jp/chintai/bc_100400819830/
HOPE CITY秋葉原,13.3万円,管理費 7000円,敷13.3万円,礼-,1K,32.32m2,南東,,,"
都営新宿線/岩本町駅 歩3分
ＪＲ山手線/秋葉原駅 歩5分
ＪＲ山手線/神田駅 歩10分
",,ソレイユ神田店 (株)ソレイユ,https://suumo.jp/chintai/bc_100400762179/
HOPE CITY秋葉原,13.4万円,管理費 7000円,敷13.4万円,礼-,1K,32.32m2,南東,,,"
都営新宿線/岩本町駅 歩3分
ＪＲ山手線/秋葉原駅 歩5分
ＪＲ山手線/神田駅 歩10分
",,ソレイユ神田店 (株)ソレイユ,https://suumo.jp/chintai/bc_100400762217/
アルプエンテ大手町,20万円,管理費 15000円,敷20万円,礼20万円,1LDK,44.58m2,-,,,"
東京メトロ丸ノ内線/大手町駅 歩8分
ＪＲ京浜東北線/神田駅 歩9分
都営新宿線/小川町駅 歩9分
",,(株)ユウキ・ホーム麻布十番網代公園店,https://suumo.jp/chintai/bc_100397270111/
アルプエンテ大手町,20万円,管理費 15000円,敷20万円,礼20万円,1LDK,44.58m2,-,,,"
東京メトロ丸ノ内線/大手町駅 歩8分
ＪＲ京浜東北線/神田駅 歩9分
都営新宿線/小川町駅 歩9分
",,そらうみリアルエステート(株)賃貸事業本部,https://suumo.jp/chintai/bc_100397271133/
アルプエンテ大手町,20万円,管理費 15000円,敷20万円,礼20万円,1LDK,44.58m2,-,,,"
東京メトロ丸ノ内線/大手町駅 歩8分
ＪＲ京浜東北線/神田駅 歩9分
都営新宿線/小川町駅 歩9分
",,(株)ユウキ・ホーム麻布十番サテライト店,https://suumo.jp/chintai/bc_100397269947/
アルプエンテ大手町,20万円,管理費 15000円,敷20万円,礼20万円,1LDK,44.58m2,-,,,"
東京メトロ丸ノ内線/大手町駅 歩8分
ＪＲ京浜東北線/神田駅 歩9分
都営新宿線/小川町駅 歩9分
",,そらうみリアルエステート(株)本店,https://suumo.jp/chintai/bc_100397270302/
アルプエンテ大手町,20万円,管理費 15000円,敷20万円,礼20万円,1LDK,44.58m2,北,,,"
ＪＲ京浜東北線/神田駅 歩9分
東京メトロ丸ノ内線/大手町駅 歩8分
東京メトロ東西線/竹橋駅 歩6分
",,いい部屋ネット大東建託リーシング(株)新宿店,https://suumo.jp/chintai/bc_100400819829/
アルプエンテ大手町,20万円,管理費 15000円,敷20万円,礼20万円,1LDK,44.58m2,-,,,"
ＪＲ京浜東北線/神田駅 歩9分
東京メトロ丸ノ内線/大手町駅 歩8分
東京メトロ東西線/竹橋駅 歩10分
",,(株)ユウキ・ホーム麻布十番店,https://suumo.jp/chintai/bc_100397270061/
コンフォリア秋葉原EAST,12.3万円,管理費 6000円,敷12.3万円,礼-,1K,25.2m2,東,,,"
東京メトロ日比谷線/秋葉原駅 歩8分
ＪＲ総武線快速/馬喰町駅 歩7分
都営新宿線/馬喰横山駅 歩6分
",,(株)ユウキ・ホーム麻布十番サテライト店,https://suumo.jp/chintai/bc_100400752409/
コンフォリア秋葉原EAST,12.3万円,管理費 6000円,敷12.3万円,礼-,1K,25.2m2,東,,,"
東京メトロ日比谷線/秋葉原駅 歩8分
ＪＲ総武線快速/馬喰町駅 歩7分
都営新宿線/馬喰横山駅 歩6分
",,(株)ユウキ・ホーム麻布十番網代公園店,https://suumo.jp/chintai/bc_100400752902/
コンフォリア秋葉原EAST,12.3万円,管理費 6000円,敷12.3万円,礼-,1K,25.2m2,東,,,"
東京メトロ日比谷線/秋葉原駅 歩8分
ＪＲ総武線快速/馬喰町駅 歩7分
都営新宿線/馬喰横山駅 歩6分
",,そらうみリアルエステート(株)本店,https://suumo.jp/chintai/bc_100400752935/
コンフォリア秋葉原EAST,12.3万円,管理費 6000円,敷12.3万円,礼-,1K,25.2m2,東,,,"
東京メトロ日比谷線/秋葉原駅 歩8分
ＪＲ総武線快速/馬喰町駅 歩7分
都営新宿線/馬喰横山駅 歩6分
",,そらうみリアルエステート(株)賃貸事業本部,https://suumo.jp/chintai/bc_100400753013/
グランフォース九段,8.7万円,管理費 8000円,敷8.7万円,礼8.7万円,1K,23.38m2,南東,,,"
都営新宿線/市ケ谷駅 歩7分
東京メトロ半蔵門線/九段下駅 歩8分
ＪＲ中央線/飯田橋駅 歩14分
",,ソレイユ神田店 (株)ソレイユ,https://suumo.jp/chintai/bc_100400762183/
東京メトロ半蔵門線 九段下駅 10階建 築44年,8.5万円,管理費 5000円,敷8.5万円,礼8.5万円,ワンルーム,16.23m2,南西,,,"
東京メトロ半蔵門線/九段下駅 歩3分
東京メトロ半蔵門線/神保町駅 歩5分
東京メトロ東西線/竹橋駅 歩9分
",,ソレイユ神田店 (株)ソレイユ,https://suumo.jp/chintai/bc_100400762210/
ライオンズマンション麹町,9.5万円,管理費 10000円,敷-,礼-,ワンルーム,28.7m2,北,,,"
東京メトロ半蔵門線/半蔵門駅 歩2分
東京メトロ有楽町線/麹町駅 歩4分
東京メトロ有楽町線/永田町駅 歩9分
",,ソレイユ神田店 (株)ソレイユ,https://suumo.jp/chintai/bc_100400762202/
Brillia一番町　ブリリア一番町 3F号室,70万円,管理費 -,敷140万円,礼70万円,3LDK,93.39m2,東,,,"
東京メトロ半蔵門線/半蔵門駅 歩3分
東京メトロ有楽町線/市ケ谷駅 歩8分
東京メトロ有楽町線/麹町駅 歩11分
",,(株)ユウキ・ホーム麻布十番網代公園店,https://suumo.jp/chintai/bc_100400820130/
Brillia一番町　ブリリア一番町 3F号室,70万円,管理費 -,敷140万円,礼70万円,3LDK,93.39m2,東,,,"
東京メトロ半蔵門線/半蔵門駅 歩3分
東京メトロ有楽町線/市ケ谷駅 歩8分
東京メトロ有楽町線/麹町駅 歩11分
",,そらうみリアルエステート(株)本店,https://suumo.jp/chintai/bc_100400820290/
Brillia一番町　ブリリア一番町 3F号室,70万円,管理費 -,敷140万円,礼70万円,3LDK,93.39m2,東,,,"
東京メトロ半蔵門線/半蔵門駅 歩3分
東京メトロ有楽町線/市ケ谷駅 歩8分
東京メトロ有楽町線/麹町駅 歩11分
",,そらうみリアルエステート(株)賃貸事業本部,https://suumo.jp/chintai/bc_100400820425/
Brillia一番町　ブリリア一番町 3F号室,70万円,管理費 -,敷140万円,礼70万円,3LDK,93.39m2,東,,,"
東京メトロ半蔵門線/半蔵門駅 歩3分
東京メトロ有楽町線/市ケ谷駅 歩8分
東京メトロ有楽町線/麹町駅 歩11分
",,(株)ユウキ・ホーム麻布十番店,https://suumo.jp/chintai/bc_100400819752/
Brillia一番町　ブリリア一番町 3F号室,70万円,管理費 -,敷140万円,礼70万円,3LDK,93.39m2,東,,,"
東京メトロ半蔵門線/半蔵門駅 歩3分
東京メトロ有楽町線/市ケ谷駅 歩8分
東京メトロ有楽町線/麹町駅 歩11分
",,(株)ユウキ・ホーム麻布十番サテライト店,https://suumo.jp/chintai/bc_100400819486/
パークコート千代田一番町,145万円,管理費 -,敷290万円,礼145万円,3LDK,132.01m2,南東,,,"
東京メトロ半蔵門線/半蔵門駅 歩3分
東京メトロ有楽町線/麹町駅 歩8分
ＪＲ中央線/市ケ谷駅 歩15分
",,いい部屋ネット大東建託リーシング(株)北千住駅前店,https://suumo.jp/chintai/bc_100400357289/
ＪＲ中央線 御茶ノ水駅 地下3地上41階建 築12年,65万円,管理費 -,敷130万円,礼65万円,3LDK,104.18m2,南東,,,"
ＪＲ中央線/御茶ノ水駅 歩6分
東京メトロ千代田線/新御茶ノ水駅 歩4分
東京メトロ丸ノ内線/淡路町駅 歩5分
",,(株)クレディフォルム,https://suumo.jp/chintai/bc_100400784526/
東京メトロ東西線 九段下駅 地下2地上32階建 築21年,89万円,管理費 -,敷178万円,礼-,3LDK,122.26m2,南,,,"
東京メトロ東西線/九段下駅 歩5分
ＪＲ中央線/水道橋駅 歩6分
東京メトロ半蔵門線/神保町駅 歩6分
",,(株)ハウスセレクト本店,https://suumo.jp/chintai/bc_100400206341/
パークアクシス三番町 702号室,51.2万円,管理費 20000円,敷51.2万円,礼-,3LDK,93.23m2,西,,,"
東京メトロ半蔵門線/半蔵門駅 歩6分
ＪＲ中央線/市ケ谷駅 歩13分
東京メトロ有楽町線/麹町駅 歩13分
",,いい部屋ネット大東建託リーシング(株)北千住駅前店,https://suumo.jp/chintai/bc_100400224894/
パークアクシス三番町,64万円,管理費 15000円,敷64万円,礼-,3LDK,93.23m2,西,,,"
東京メトロ半蔵門線/半蔵門駅 歩6分
ＪＲ中央線/市ケ谷駅 歩13分
東京メトロ有楽町線/麹町駅 歩13分
",,いい部屋ネット大東建託リーシング(株)北千住駅前店,https://suumo.jp/chintai/bc_100400224858/
都営新宿線 市ケ谷駅 地下1地上4階建 築5年,28.9万円,管理費 4400円,敷-,礼28.9万円,2LDK,59.01m2,-,,,"
都営新宿線/市ケ谷駅 歩4分
ＪＲ総武線/市ケ谷駅 歩7分
東京メトロ半蔵門線/半蔵門駅 歩9分
",,(株)TEEPLUS,https://suumo.jp/chintai/bc_100400757538/
都営新宿線 市ケ谷駅 地下1地上4階建 築5年,28.9万円,管理費 4400円,敷-,礼28.9万円,2LDK,59.01m2,東,,,"
都営新宿線/市ケ谷駅 歩4分
東京メトロ半蔵門線/半蔵門駅 歩9分
ＪＲ中央線/市ケ谷駅 歩7分
",,(株)AYホームズ,https://suumo.jp/chintai/bc_100400759805/
都営新宿線 市ケ谷駅 4階建 築5年,28.9万円,管理費 4400円,敷-,礼28.9万円,2LDK,59.01m2,南東,,,"
都営新宿線/市ケ谷駅 歩4分
ＪＲ中央線/市ケ谷駅 歩7分
東京メトロ半蔵門線/半蔵門駅 歩9分
",,ハウスコム(株)事業戦略室,https://suumo.jp/chintai/bc_100400737290/
シュトラーレ四番町,28.9万円,管理費 4400円,敷-,礼28.9万円,2LDK,59.01m2,南東,,,"
都営新宿線/市ケ谷駅 歩4分
ＪＲ中央線/市ケ谷駅 歩7分
東京メトロ半蔵門線/半蔵門駅 歩9分
",,ハウスコム東東京(株)日暮里店,https://suumo.jp/chintai/bc_100387077393/
ＪＲ中央線 市ケ谷駅 4階建 築5年,28.9万円,管理費 4400円,敷-,礼28.9万円,2LDK,59.01m2,南東,,,"
ＪＲ中央線/市ケ谷駅 歩4分
東京メトロ半蔵門線/半蔵門駅 歩9分
東京メトロ有楽町線/麹町駅 歩10分
",,(株)タウンハウジング東京 赤坂店,https://suumo.jp/chintai/bc_100387086470/
シュトラーレ四番町 301号室,28.9万円,管理費 4400円,敷-,礼28.9万円,2LDK,59.01m2,-,,,"
東京メトロ有楽町線/市ケ谷駅 歩4分
東京メトロ半蔵門線/半蔵門駅 歩10分
東京メトロ丸ノ内線/四ツ谷駅 歩15分
",,(株)T-BRIDGE,https://suumo.jp/chintai/bc_100289234925/
シュトラーレ四番町 301号室,28.9万円,管理費 4400円,敷-,礼28.9万円,2LDK,59.01m2,南東,,,"
都営新宿線/市ケ谷駅 歩4分
ＪＲ中央線/市ケ谷駅 歩7分
東京メトロ半蔵門線/半蔵門駅 歩9分
",,リブマックス池袋店(株)リブ・マックス,https://suumo.jp/chintai/bc_100400591344/
シュトラーレ四番町 301号室,28.9万円,管理費 4400円,敷-,礼28.9万円,2LDK,59.01m2,-,,,"
都営新宿線/市ケ谷駅 歩4分
ＪＲ中央線/市ケ谷駅 歩7分
東京メトロ半蔵門線/半蔵門駅 歩9分
",,(株)ライトミライ,https://suumo.jp/chintai/bc_100400830348/
シュトラーレ四番町,28.9万円,管理費 4400円,敷-,礼28.9万円,2LDK,59.01m2,南東,,,"
都営新宿線/市ケ谷駅 歩4分
ＪＲ総武線/市ケ谷駅 歩7分
東京メトロ半蔵門線/半蔵門駅 歩8分
",,(株)プライムコーポレーション都心営業部,https://suumo.jp/chintai/bc_100400768906/
パークアクシス神田レジデンス,27.1万円,管理費 15000円,敷27.1万円,礼-,2LDK,44.66m2,東,,,"
東京メトロ丸ノ内線/淡路町駅 歩4分
ＪＲ山手線/神田駅 歩8分

",,(株)ケン・コーポレーション飯田橋支店,https://suumo.jp/chintai/bc_100371045230/
クラッシィハウス大手町 305号室,32万円,管理費 15000円,敷32万円,礼32万円,2LDK,54.13m2,東,,,"
東京メトロ丸ノ内線/大手町駅 歩4分
ＪＲ中央線/神田駅 歩8分
東京メトロ丸ノ内線/淡路町駅 歩9分
",,(株)S-FITお部屋探しCAFE ヘヤギメ!錦糸町店,https://suumo.jp/chintai/bc_100400824026/
パークアクシス神保町 502号室,30.6万円,管理費 15000円,敷30.6万円,礼-,2LDK,52.2m2,南西,,,"
都営新宿線/神保町駅 歩4分
ＪＲ総武線/水道橋駅 歩6分
都営三田線/神保町駅 歩6分
",,(株)BaseLiving,https://suumo.jp/chintai/bc_100400792704/
レフィール千代田神保町,28万円,管理費 20000円,敷28万円,礼28万円,2LDK,57.05m2,-,,,"
東京メトロ半蔵門線/神保町駅 歩3分
都営新宿線/九段下駅 歩5分
東京メトロ東西線/九段下駅 歩5分
",,(株)金葉マネジメント本店,https://suumo.jp/chintai/bc_100387999325/
ＴＫ猿楽町レジデンス,25.4万円,管理費 10000円,敷25.4万円,礼25.4万円,2LDK,56.4m2,東,,,"
東京メトロ半蔵門線/神保町駅 歩5分
ＪＲ中央線/水道橋駅 歩7分
ＪＲ中央線/御茶ノ水駅 歩9分
",,(株)カンフィー,https://suumo.jp/chintai/bc_100400789071/
パークアクシス神田レジデンス 203号室,25.9万円,管理費 15000円,敷25.9万円,礼-,2LDK,44.66m2,南,,,"
東京メトロ丸ノ内線/淡路町駅 歩4分
ＪＲ山手線/神田駅 歩8分
ＪＲ京浜東北線/神田駅 歩8分
",,いい部屋ネット大東建託リーシング(株)北千住駅前店,https://suumo.jp/chintai/bc_100400224903/
パークアクシス神田レジデンス 403号室,26.5万円,管理費 15000円,敷26.5万円,礼-,2LDK,44.66m2,南,,,"
東京メトロ丸ノ内線/淡路町駅 歩4分
ＪＲ山手線/神田駅 歩8分
ＪＲ京浜東北線/神田駅 歩8分
",,いい部屋ネット大東建託リーシング(株)北千住駅前店,https://suumo.jp/chintai/bc_100400224847/
パークアクシス神田レジデンス 503号室,27.1万円,管理費 15000円,敷27.1万円,礼-,2LDK,44.66m2,南,,,"
東京メトロ丸ノ内線/淡路町駅 歩4分
ＪＲ山手線/神田駅 歩8分
ＪＲ京浜東北線/神田駅 歩8分
",,いい部屋ネット大東建託リーシング(株)北千住駅前店,https://suumo.jp/chintai/bc_100379716688/
ＪＲ総武線 市ケ谷駅 地下1地上5階建 築2年,45.3万円,管理費 15000円,敷45.3万円,礼90.6万円,2LDK,85.7m2,西,,,"
ＪＲ総武線/市ケ谷駅 歩4分
ＪＲ中央線/四ツ谷駅 歩6分
東京メトロ有楽町線/市ケ谷駅 歩4分
",,(株)ルーム,https://suumo.jp/chintai/bc_100309298123/
パークアクシス神田レジデンス 703号室,27.4万円,管理費 15000円,敷27.4万円,礼-,2LDK,44.66m2,南,,,"
東京メトロ丸ノ内線/淡路町駅 歩4分
ＪＲ山手線/神田駅 歩8分
ＪＲ京浜東北線/神田駅 歩8分
",,いい部屋ネット大東建託リーシング(株)北千住駅前店,https://suumo.jp/chintai/bc_100400224783/
ＪＲ山手線 神田駅 地下1地上12階建 築5年,28万円,管理費 15000円,敷28万円,礼-,2LDK,50.03m2,南,,,"
ＪＲ山手線/神田駅 歩3分
東京メトロ丸ノ内線/淡路町駅 歩3分
東京メトロ東西線/大手町駅 歩10分
",,ファストリビング麹町本店(株)ファスト不動産,https://suumo.jp/chintai/bc_100377555914/
東京メトロ銀座線 神田駅 15階建 築2年,25.5万円,管理費 20000円,敷25.5万円,礼-,2LDK,45.57m2,南,,,"
東京メトロ銀座線/神田駅 歩3分
ＪＲ山手線/秋葉原駅 歩5分
東京メトロ丸ノ内線/淡路町駅 歩5分
",,ファストリビング麹町本店(株)ファスト不動産,https://suumo.jp/chintai/bc_100395439532/
ＪＲ山手線 秋葉原駅 15階建 築2年,23万円,管理費 20000円,敷23万円,礼-,2LDK,45.57m2,南,,,"
ＪＲ山手線/秋葉原駅 歩5分
ＪＲ山手線/神田駅 歩6分
都営新宿線/岩本町駅 歩6分
",,(株)FUNNY LOCO,https://suumo.jp/chintai/bc_100399523779/
クラッシィハウス大手町,32万円,管理費 15000円,敷32万円,礼32万円,2LDK,54.13m2,東,,,"
東京メトロ東西線/大手町駅 歩4分
ＪＲ山手線/神田駅 歩8分
東京メトロ丸ノ内線/淡路町駅 歩9分
",,ソレイユ神田店 (株)ソレイユ,https://suumo.jp/chintai/bc_100400175170/
クラッシィハウス大手町,32万円,管理費 15000円,敷32万円,礼32万円,2LDK,54.13m2,東,,,"
東京メトロ東西線/大手町駅 歩4分
ＪＲ山手線/神田駅 歩8分
東京メトロ丸ノ内線/淡路町駅 歩9分
",,アエラス御茶ノ水店 (株)アエラス,https://suumo.jp/chintai/bc_100400181548/
フェリス松本九段,8.7万円,管理費 8000円,敷8.7万円,礼-,ワンルーム,26.09m2,東,,,"
ＪＲ総武線/市ケ谷駅 歩9分
東京メトロ有楽町線/市ケ谷駅 歩6分
都営新宿線/市ケ谷駅 歩6分
",,いい部屋ネット大東建託リーシング(株)新宿店,https://suumo.jp/chintai/bc_100400786751/
ＪＲ総武線 市ケ谷駅 7階建 築38年,8.7万円,管理費 8000円,敷8.7万円,礼-,ワンルーム,26.09m2,-,,,"
ＪＲ総武線/市ケ谷駅 歩9分
東京メトロ半蔵門線/半蔵門駅 歩11分
東京メトロ有楽町線/麹町駅 歩14分
",,(株)東京めぞん,https://suumo.jp/chintai/bc_100400804027/
パークアクシス神保町 502号室,30.6万円,管理費 15000円,敷30.6万円,礼-,2LDK,52.2m2,南西,,,"
東京メトロ半蔵門線/神保町駅 歩4分
ＪＲ中央線/水道橋駅 歩9分
ＪＲ総武線/御茶ノ水駅 歩10分
",,いい部屋ネット大東建託リーシング(株)北千住駅前店,https://suumo.jp/chintai/bc_100400224819/
都営新宿線 神保町駅 14階建 新築,31.1万円,管理費 15000円,敷31.1万円,礼-,2LDK,52.2m2,南西,,,"
都営新宿線/神保町駅 歩4分
ＪＲ中央線/水道橋駅 歩6分
東京メトロ半蔵門線/九段下駅 歩9分
",,御茶ノ水不動産スーペリアホーム スーペリアス(株),https://suumo.jp/chintai/bc_100400536871/
ブランズ九段北,49万円,管理費 30000円,敷98万円,礼98万円,2LDK,70.8m2,西,,,"
ＪＲ総武線/市ケ谷駅 歩3分
ＪＲ総武線/飯田橋駅 歩13分
都営大江戸線/牛込神楽坂駅 歩15分
",,(株)プライムコーポレーション都心営業部,https://suumo.jp/chintai/bc_100400768897/
ブランズ九段北 901号室,49万円,管理費 30000円,敷98万円,礼98万円,2LDK,70.8m2,-,,,"
都営新宿線/市ケ谷駅 歩3分
東京メトロ半蔵門線/半蔵門駅 歩11分
東京メトロ有楽町線/麹町駅 歩12分
",,神宮前不動産(株),https://suumo.jp/chintai/bc_100400786090/
東京メトロ丸ノ内線 淡路町駅 13階建 築3年,23.7万円,管理費 20000円,敷23.7万円,礼-,2LDK,40.08m2,南,,,"
東京メトロ丸ノ内線/淡路町駅 歩3分
東京メトロ千代田線/大手町駅 歩9分
東京メトロ銀座線/神田駅 歩7分
",,御茶ノ水不動産スーペリアホーム スーペリアス(株),https://suumo.jp/chintai/bc_100399449231/
東京メトロ半蔵門線 神保町駅 9階建 築9年,25.4万円,管理費 10000円,敷25.4万円,礼25.4万円,2LDK,56.4m2,-,,,"
東京メトロ半蔵門線/神保町駅 歩5分
ＪＲ総武線/水道橋駅 歩7分
ＪＲ中央線/御茶ノ水駅 歩9分
",,(株)東京めぞん,https://suumo.jp/chintai/bc_100400540151/
東京メトロ半蔵門線 神保町駅 9階建 築9年,25.8万円,管理費 10000円,敷25.8万円,礼25.8万円,2LDK,56.4m2,-,,,"
東京メトロ半蔵門線/神保町駅 歩5分
ＪＲ総武線/水道橋駅 歩7分
ＪＲ中央線/御茶ノ水駅 歩9分
",,(株)東京めぞん,https://suumo.jp/chintai/bc_100400540149/
TK猿楽町レジデンス,26万円,管理費 10000円,敷26万円,礼26万円,2LDK,56.4m2,北東,,,"
東京メトロ半蔵門線/神保町駅 歩5分
ＪＲ総武線/御茶ノ水駅 歩9分
ＪＲ中央線/水道橋駅 歩7分
",,ソレイユ神田店 (株)ソレイユ,https://suumo.jp/chintai/bc_100399957755/
TK猿楽町レジデンス,26万円,管理費 10000円,敷26万円,礼26万円,2LDK,56.4m2,北東,,,"
東京メトロ半蔵門線/神保町駅 歩5分
ＪＲ総武線/御茶ノ水駅 歩9分
ＪＲ中央線/水道橋駅 歩7分
",,アエラス目白店 (株)アエラス.ER,https://suumo.jp/chintai/bc_100400483222/
TK猿楽町レジデンス,26万円,管理費 10000円,敷26万円,礼26万円,2LDK,56.4m2,北東,,,"
東京メトロ半蔵門線/神保町駅 歩5分
ＪＲ総武線/御茶ノ水駅 歩9分
ＪＲ中央線/水道橋駅 歩7分
",,アエラス御茶ノ水店 (株)アエラス,https://suumo.jp/chintai/bc_100400131130/
TK猿楽町レジデンス,26万円,管理費 10000円,敷26万円,礼26万円,2LDK,56.4m2,北東,,,"
東京メトロ半蔵門線/神保町駅 歩5分
ＪＲ総武線/御茶ノ水駅 歩9分
ＪＲ中央線/水道橋駅 歩7分
",,アエラス新橋店 (株)アエラス.ER,https://suumo.jp/chintai/bc_100400312192/
パークコート千代田四番町,42万円,管理費 -,敷42万円,礼42万円,2LDK,55.77m2,北西,,,"
東京メトロ有楽町線/麹町駅 歩4分
ＪＲ中央線/四ツ谷駅 歩5分
都営新宿線/市ケ谷駅 歩6分
",,アエラス新橋店 (株)アエラス.ER,https://suumo.jp/chintai/bc_100400482828/
パークコート千代田四番町,42万円,管理費 -,敷42万円,礼42万円,2LDK,55.77m2,北西,,,"
東京メトロ有楽町線/麹町駅 歩4分
ＪＲ中央線/四ツ谷駅 歩5分
都営新宿線/市ケ谷駅 歩6分
",,アエラス御茶ノ水店 (株)アエラス,https://suumo.jp/chintai/bc_100400313140/
パークコート千代田四番町,42万円,管理費 -,敷42万円,礼42万円,2LDK,55.77m2,-,,,"
東京メトロ有楽町線/麹町駅 歩4分
ＪＲ中央線/市ケ谷駅 歩5分
東京メトロ半蔵門線/半蔵門駅 歩9分
",,そらうみリアルエステート(株)本店,https://suumo.jp/chintai/bc_100400206544/
パークコート千代田四番町,42万円,管理費 -,敷42万円,礼42万円,2LDK,55.77m2,-,,,"
東京メトロ有楽町線/麹町駅 歩4分
ＪＲ中央線/市ケ谷駅 歩5分
東京メトロ半蔵門線/半蔵門駅 歩9分
",,(株)ユウキ・ホーム麻布十番網代公園店,https://suumo.jp/chintai/bc_100400206273/
パークコート千代田四番町,42万円,管理費 -,敷42万円,礼42万円,2LDK,55.77m2,-,,,"
東京メトロ有楽町線/麹町駅 歩4分
ＪＲ中央線/市ケ谷駅 歩5分
東京メトロ半蔵門線/半蔵門駅 歩9分
",,そらうみリアルエステート(株)賃貸事業本部,https://suumo.jp/chintai/bc_100400206828/
パークコート千代田四番町,42万円,管理費 -,敷42万円,礼42万円,2LDK,55.77m2,-,,,"
東京メトロ有楽町線/麹町駅 歩4分
ＪＲ中央線/市ケ谷駅 歩5分
東京メトロ半蔵門線/半蔵門駅 歩9分
",,(株)ユウキ・ホーム麻布十番店,https://suumo.jp/chintai/bc_100400206118/
パークコート千代田四番町,42万円,管理費 -,敷42万円,礼42万円,2LDK,55.77m2,-,,,"
東京メトロ有楽町線/麹町駅 歩4分
ＪＲ中央線/市ケ谷駅 歩5分
東京メトロ半蔵門線/半蔵門駅 歩9分
",,(株)ユウキ・ホーム麻布十番サテライト店,https://suumo.jp/chintai/bc_100400205837/
都営三田線 神保町駅 12階建 築28年,23.8万円,管理費 15000円,敷23.8万円,礼-,2LDK,60.8m2,西,,,"
都営三田線/神保町駅 歩4分
ＪＲ中央線/御茶ノ水駅 歩7分
都営三田線/水道橋駅 歩12分
",,(株)ルーム,https://suumo.jp/chintai/bc_100400793572/
都営三田線 神保町駅 12階建 築28年,24万円,管理費 15000円,敷24万円,礼-,2LDK,60.8m2,西,,,"
都営三田線/神保町駅 歩4分
ＪＲ中央線/御茶ノ水駅 歩7分
都営三田線/水道橋駅 歩12分
",,(株)ルーム,https://suumo.jp/chintai/bc_100376679960/
Belle　Vue千代田飯田橋,33.3万円,管理費 15000円,敷33.3万円,礼-,2LDK,56.14m2,南,,,"
東京メトロ有楽町線/飯田橋駅 歩5分
東京メトロ東西線/九段下駅 歩7分
ＪＲ中央線/水道橋駅 歩10分
",,(株)エイブル飯田橋店,https://suumo.jp/chintai/bc_100400730964/
ブランズ九段北 901号室,49万円,管理費 30000円,敷98万円,礼98万円,2LDK,70.8m2,北,,,"
ＪＲ中央線/市ケ谷駅 歩3分
東京メトロ半蔵門線/半蔵門駅 歩11分
東京メトロ有楽町線/麹町駅 歩12分
",,グランデ新宿店 (株)グランデ,https://suumo.jp/chintai/bc_100400526175/
ブランズ九段北 901号室,49万円,管理費 30000円,敷98万円,礼98万円,2LDK,70.8m2,北,,,"
ＪＲ中央線/市ケ谷駅 歩3分
東京メトロ半蔵門線/半蔵門駅 歩11分
東京メトロ有楽町線/麹町駅 歩12分
",,グランデ日本橋店 (株)グランデ,https://suumo.jp/chintai/bc_100400526078/
ブランズ九段北 901号室,49万円,管理費 30000円,敷98万円,礼98万円,2LDK,70.8m2,北,,,"
ＪＲ中央線/市ケ谷駅 歩3分
東京メトロ半蔵門線/半蔵門駅 歩11分
東京メトロ有楽町線/麹町駅 歩12分
",,グランデ池袋店 (株)グランデ,https://suumo.jp/chintai/bc_100400524315/
ブランズ九段北 901号室,49万円,管理費 30000円,敷98万円,礼98万円,2LDK,70.8m2,北,,,"
都営新宿線/市ケ谷駅 歩3分
東京メトロ半蔵門線/半蔵門駅 歩11分
都営大江戸線/牛込神楽坂駅 歩17分
",,いい部屋ネット大東建託リーシング(株)池袋東口店,https://suumo.jp/chintai/bc_100400532463/
東京メトロ有楽町線 市ケ谷駅 10階建 築10年,49万円,管理費 30000円,敷98万円,礼98万円,2LDK,70.8m2,北西,,,"
東京メトロ有楽町線/市ケ谷駅 歩3分
東京メトロ半蔵門線/半蔵門駅 歩10分
ＪＲ中央線/飯田橋駅 歩13分
",,御茶ノ水不動産スーペリアホーム スーペリアス(株),https://suumo.jp/chintai/bc_100400639587/
ブランズ九段北,49万円,管理費 30000円,敷98万円,礼98万円,2LDK,70.8m2,北,,,"
都営新宿線/市ケ谷駅 歩3分
東京メトロ半蔵門線/半蔵門駅 歩11分
都営大江戸線/牛込神楽坂駅 歩17分
",,いい部屋ネット大東建託リーシング(株)新宿店,https://suumo.jp/chintai/bc_100400481703/
ブランズ九段北 901号室,49万円,管理費 30000円,敷98万円,礼98万円,2LDK,70.8m2,北,,,"
都営新宿線/市ケ谷駅 歩3分
東京メトロ半蔵門線/半蔵門駅 歩11分
都営大江戸線/牛込神楽坂駅 歩17分
",,いい部屋ネット大東建託リーシング(株)北千住駅前店,https://suumo.jp/chintai/bc_100400663527/
ブランズ九段北 901号室,49万円,管理費 30000円,敷98万円,礼98万円,2LDK,70.8m2,北,,,"
都営新宿線/市ケ谷駅 歩3分
東京メトロ半蔵門線/半蔵門駅 歩11分
都営大江戸線/牛込神楽坂駅 歩17分
",,いい部屋ネット大東建託リーシング(株)亀戸店,https://suumo.jp/chintai/bc_100400526194/
ライオンズフォーシア神田須田町,25.5万円,管理費 20000円,敷25.5万円,礼-,2LDK,45.57m2,南,,,"
ＪＲ山手線/秋葉原駅 歩5分
都営新宿線/岩本町駅 歩6分
東京メトロ丸ノ内線/淡路町駅 歩7分
",,いい部屋ネット大東建託リーシング(株)北千住駅前店,https://suumo.jp/chintai/bc_100400357261/
ウェリスタワー千代田岩本町,28万円,管理費 20000円,敷28万円,礼28万円,2LDK,55.4m2,北東,,,"
東京メトロ日比谷線/小伝馬町駅 歩2分
ＪＲ山手線/神田駅 歩7分
ＪＲ山手線/秋葉原駅 歩14分
",,アエラス新橋店 (株)アエラス.ER,https://suumo.jp/chintai/bc_100400312186/
ウェリスタワー千代田岩本町,28万円,管理費 20000円,敷28万円,礼28万円,2LDK,55.4m2,北東,,,"
東京メトロ日比谷線/小伝馬町駅 歩2分
ＪＲ山手線/神田駅 歩7分
ＪＲ山手線/秋葉原駅 歩14分
",,ソレイユ神田店 (株)ソレイユ,https://suumo.jp/chintai/bc_100400309794/
ウェリスタワー千代田岩本町,28万円,管理費 20000円,敷28万円,礼28万円,2LDK,55.4m2,北東,,,"
東京メトロ日比谷線/小伝馬町駅 歩2分
ＪＲ山手線/神田駅 歩7分
ＪＲ山手線/秋葉原駅 歩14分
",,アエラス御茶ノ水店 (株)アエラス,https://suumo.jp/chintai/bc_100400131126/
パークハウス・ジオ六番町 201号室,82万円,管理費 30000円,敷82万円,礼82万円,2LDK,115.01m2,南東,,,"
ＪＲ中央線/四ツ谷駅 歩4分
東京メトロ有楽町線/麹町駅 歩6分
東京メトロ南北線/市ケ谷駅 歩9分
",,(株)Airy Home,https://suumo.jp/chintai/bc_100400783768/
パークハウス・ジオ六番町,82万円,管理費 30000円,敷82万円,礼82万円,2LDK,115.01m2,北東,,,"
ＪＲ中央線/四ツ谷駅 歩4分
東京メトロ有楽町線/麹町駅 歩8分
ＪＲ中央線/市ケ谷駅 歩12分
",,(株)タウンハウジング東京 秋葉原店,https://suumo.jp/chintai/bc_100395478203/
ＪＲ中央線 飯田橋駅 8階建 築17年,40.5万円,管理費 15000円,敷40.5万円,礼40.5万円,2LDK,78.13m2,北西,,,"
ＪＲ中央線/飯田橋駅 歩5分
東京メトロ半蔵門線/九段下駅 歩8分
ＪＲ中央線/水道橋駅 歩12分
",,(株)タウンハウジング東京 赤坂店,https://suumo.jp/chintai/bc_100400806101/
ミレニアムガーデンコート 1306号室,70万円,管理費 -,敷70万円,礼-,2LDK,90.24m2,南西,,,"
東京メトロ有楽町線/麹町駅 歩4分
ＪＲ総武線/四ツ谷駅 歩6分

",,(株)Airy Home,https://suumo.jp/chintai/bc_100400783802/
ミレニアムガーデンコート,70万円,管理費 -,敷70万円,礼-,2LDK,90.24m2,南西,,,"
東京メトロ有楽町線/麹町駅 歩4分
ＪＲ総武線/四ツ谷駅 歩6分

",,リブマックス高田馬場店(株)リブマックスリーシング,https://suumo.jp/chintai/bc_100400834794/
東京メトロ有楽町線 麹町駅 17階建 築25年,70万円,管理費 -,敷70万円,礼-,2LDK,90.24m2,南西,,,"
東京メトロ有楽町線/麹町駅 歩4分
ＪＲ総武線/四ツ谷駅 歩6分

",,リブマックス新宿店(株)リブ・マックス,https://suumo.jp/chintai/bc_100400835024/
ミレニアムガーデンコート,70万円,管理費 -,敷70万円,礼-,2LDK,90.24m2,南西,,,"
東京メトロ有楽町線/麹町駅 歩4分
ＪＲ総武線/四ツ谷駅 歩6分

",,リブマックス飯田橋店(株)リブマックスリーシング,https://suumo.jp/chintai/bc_100400821571/
ミレニアムガーデンコート,70万円,管理費 -,敷70万円,礼-,2LDK,90.24m2,南西,,,"
東京メトロ有楽町線/麹町駅 歩4分
ＪＲ総武線/四ツ谷駅 歩6分

",,リブマックス日本橋茅場町店(株)リブマックスリーシング,https://suumo.jp/chintai/bc_100400836403/
ミレニアムガーデンコート,70万円,管理費 -,敷70万円,礼-,2LDK,90.24m2,南西,,,"
東京メトロ有楽町線/麹町駅 歩4分
ＪＲ総武線/四ツ谷駅 歩6分

",,リブマックス六本木店(株)リブ・マックス,https://suumo.jp/chintai/bc_100400835134/
ミレニアムガーデンコート,70万円,管理費 -,敷70万円,礼-,2LDK,90.24m2,南西,,,"
東京メトロ有楽町線/麹町駅 歩4分
ＪＲ総武線/四ツ谷駅 歩6分

",,リブマックス品川駅前店(株)リブマックスリーシング,https://suumo.jp/chintai/bc_100400834093/
都営新宿線 岩本町駅 地下1地上14階建 築11年,13万円,管理費 15000円,敷13万円,礼-,1LDK,30.04m2,北,,,"
都営新宿線/岩本町駅 歩4分
東京メトロ日比谷線/小伝馬町駅 歩5分
ＪＲ山手線/神田駅 歩8分
",,(株)AX8小川町店,https://suumo.jp/chintai/bc_100400818136/
ベラージュおとわ,34万円,管理費 -,敷34万円,礼34万円,2LDK,86.17m2,南,,,"
東京メトロ半蔵門線/神保町駅 歩3分
ＪＲ総武線/御茶ノ水駅 歩8分
東京メトロ東西線/竹橋駅 歩12分
",,いい部屋ネット大東建託リーシング(株)北千住駅前店,https://suumo.jp/chintai/bc_100400663533/
レジディア神田岩本町II,16万円,管理費 10000円,敷-,礼-,2K,37.26m2,南,,,"
ＪＲ山手線/秋葉原駅 歩4分
都営新宿線/岩本町駅 歩3分
ＪＲ中央線/神田駅 歩8分
",,みんなのへや人形町駅前店(株)Lotus Link,https://suumo.jp/chintai/bc_100400813924/
レジディア神田岩本町II,16万円,管理費 10000円,敷-,礼-,2K,37.26m2,南,,,"
ＪＲ山手線/秋葉原駅 歩4分
東京メトロ日比谷線/小伝馬町駅 歩5分
ＪＲ総武線快速/馬喰町駅 歩8分
",,みんなのへや新橋店(株)Lotus Link,https://suumo.jp/chintai/bc_100400810082/
レジディア神田岩本町II,16万円,管理費 10000円,敷-,礼-,2K,37.26m2,南,,,"
ＪＲ山手線/秋葉原駅 歩4分
東京メトロ日比谷線/小伝馬町駅 歩5分
ＪＲ総武線快速/馬喰町駅 歩8分
",,みんなのへや八丁堀駅前店(株)Lotus Link,https://suumo.jp/chintai/bc_100400811820/
シュトラーレ四番町 301号室,28.9万円,管理費 4400円,敷-,礼28.9万円,2LDK,59.01m2,-,,,"
ＪＲ中央線/市ケ谷駅 歩6分
東京メトロ半蔵門線/半蔵門駅 歩10分
東京メトロ有楽町線/麹町駅 歩12分
",,MINATO STYLE 銀座新橋店(株)3B ARROWS,https://suumo.jp/chintai/bc_100400776343/
シュトラーレ四番町,28.9万円,管理費 4400円,敷-,礼28.9万円,2LDK,59.01m2,-,,,"
ＪＲ中央線/市ケ谷駅 歩6分
東京メトロ半蔵門線/半蔵門駅 歩10分
東京メトロ有楽町線/麹町駅 歩12分
",,MINATO STYLE (株)3B ARROWS,https://suumo.jp/chintai/bc_100400776643/
シュトラーレ四番町 301号室,28.9万円,管理費 4400円,敷-,礼28.9万円,2LDK,59.01m2,-,,,"
ＪＲ中央線/市ケ谷駅 歩6分
東京メトロ半蔵門線/半蔵門駅 歩10分
東京メトロ有楽町線/麹町駅 歩12分
",,MINATO STYLE 上野店(株)3B ARROWS,https://suumo.jp/chintai/bc_100400776501/
シュトラーレ四番町 301号室,28.9万円,管理費 4400円,敷-,礼28.9万円,2LDK,59.01m2,-,,,"
ＪＲ中央線/市ケ谷駅 歩6分
東京メトロ半蔵門線/半蔵門駅 歩10分
東京メトロ有楽町線/麹町駅 歩12分
",,(株)3B ARROWSMINATOSTYLE 渋谷店,https://suumo.jp/chintai/bc_100400776775/
東京メトロ南北線 飯田橋駅 24階建 築4年,43万円,管理費 20000円,敷86万円,礼43万円,2LDK,64m2,北東,,,"
東京メトロ南北線/飯田橋駅 歩2分
ＪＲ総武線/飯田橋駅 歩3分
東京メトロ有楽町線/飯田橋駅 歩2分
",,城都不動産(株),https://suumo.jp/chintai/bc_100400750434/
アーバネックス千代田淡路町,23.7万円,管理費 20000円,敷23.7万円,礼-,2LDK,40.08m2,南,,,"
都営新宿線/小川町駅 歩1分
ＪＲ山手線/神田駅 歩10分
ＪＲ中央線/神田駅 歩10分
",,(株)ケン・コーポレーション飯田橋支店,https://suumo.jp/chintai/bc_100399038239/
都営新宿線 小川町駅 13階建 築3年,23.7万円,管理費 20000円,敷23.7万円,礼-,2LDK,40.08m2,南,,,"
都営新宿線/小川町駅 歩1分
ＪＲ山手線/神田駅 歩10分
ＪＲ中央線/神田駅 歩10分
",,ハウスコム東東京(株)押上店,https://suumo.jp/chintai/bc_100400733262/
パークコート千代田四番町,42万円,管理費 -,敷42万円,礼42万円,2LDK,55.77m2,北西,,,"
ＪＲ中央線/市ケ谷駅 歩5分
東京メトロ有楽町線/麹町駅 歩4分
ＪＲ中央線/四ツ谷駅 歩8分
",,グランデ新宿店 (株)グランデ,https://suumo.jp/chintai/bc_100400180376/
パークコート千代田四番町,42万円,管理費 -,敷42万円,礼42万円,2LDK,55.77m2,北西,,,"
ＪＲ中央線/市ケ谷駅 歩5分
東京メトロ有楽町線/麹町駅 歩4分
ＪＲ中央線/四ツ谷駅 歩8分
",,グランデ日本橋店 (株)グランデ,https://suumo.jp/chintai/bc_100400179070/
パークコート千代田四番町,42万円,管理費 -,敷42万円,礼42万円,2LDK,55.77m2,北西,,,"
ＪＲ中央線/市ケ谷駅 歩5分
東京メトロ有楽町線/麹町駅 歩4分
ＪＲ中央線/四ツ谷駅 歩8分
",,グランデ池袋店 (株)グランデ,https://suumo.jp/chintai/bc_100400177916/
パークコート千代田四番町,42万円,管理費 -,敷42万円,礼42万円,2LDK,55.77m2,北西,,,"
ＪＲ中央線/市ケ谷駅 歩5分
東京メトロ有楽町線/麹町駅 歩4分
東京メトロ半蔵門線/半蔵門駅 歩9分
",,いい部屋ネット大東建託リーシング(株)新宿店,https://suumo.jp/chintai/bc_100400148686/
シルヴァー　アウル,16万円,管理費 10000円,敷16万円,礼16万円,1LDK,42.04m2,南西,,,"
都営新宿線/岩本町駅 歩4分
ＪＲ総武線快速/馬喰町駅 歩7分
都営浅草線/浅草橋駅 歩10分
",,みんなのへや新橋店(株)Lotus Link,https://suumo.jp/chintai/bc_100400810118/
シルヴァー　アウル,16万円,管理費 10000円,敷16万円,礼16万円,1LDK,42.04m2,南西,,,"
都営新宿線/岩本町駅 歩4分
東京メトロ日比谷線/秋葉原駅 歩6分
ＪＲ山手線/神田駅 歩10分
",,みんなのへや人形町駅前店(株)Lotus Link,https://suumo.jp/chintai/bc_100400813936/
シルヴァー　アウル,16万円,管理費 10000円,敷16万円,礼16万円,1LDK,42.04m2,南西,,,"
都営新宿線/岩本町駅 歩4分
東京メトロ日比谷線/小伝馬町駅 歩5分
都営浅草線/東日本橋駅 歩10分
",,みんなのへや八丁堀駅前店(株)Lotus Link,https://suumo.jp/chintai/bc_100400811825/
ミレニアムガーデンコート 1306号室,70万円,管理費 -,敷70万円,礼-,2LDK,90.24m2,南西,,,"
東京メトロ有楽町線/麹町駅 歩4分
ＪＲ総武線/四ツ谷駅 歩6分
東京メトロ半蔵門線/半蔵門駅 歩9分
",,いい部屋ネット大東建託リーシング(株)北千住駅前店,https://suumo.jp/chintai/bc_100400663560/
パティオ神田,13万円,管理費 15000円,敷13万円,礼-,1LDK,30.04m2,-,,,"
都営新宿線/岩本町駅 歩4分
ＪＲ山手線/神田駅 歩6分
東京メトロ日比谷線/小伝馬町駅 歩6分
",,いい部屋ネット大東建託リーシング(株)北千住駅前店,https://suumo.jp/chintai/bc_100400357475/
N-stage秋葉原,16.9万円,管理費 25000円,敷-,礼8.45万円,1LDK,42.57m2,南,,,"
ＪＲ山手線/秋葉原駅 歩4分
東京メトロ日比谷線/秋葉原駅 歩3分
都営新宿線/岩本町駅 歩7分
",,リブマックス飯田橋店(株)リブマックスリーシング,https://suumo.jp/chintai/bc_100400821715/
N-stage秋葉原,16.9万円,管理費 25000円,敷-,礼8.45万円,1LDK,42.57m2,南,,,"
ＪＲ山手線/秋葉原駅 歩4分
東京メトロ日比谷線/秋葉原駅 歩3分
都営新宿線/岩本町駅 歩7分
",,リブマックス六本木店(株)リブ・マックス,https://suumo.jp/chintai/bc_100400788256/
N-stage秋葉原,16.9万円,管理費 25000円,敷-,礼8.45万円,1LDK,42.57m2,南,,,"
ＪＲ山手線/秋葉原駅 歩4分
東京メトロ日比谷線/秋葉原駅 歩3分
都営新宿線/岩本町駅 歩7分
",,リブマックス神田店(株)リブマックスリーシング,https://suumo.jp/chintai/bc_100400816653/
N-stage秋葉原,16.9万円,管理費 25000円,敷-,礼8.45万円,1LDK,42.57m2,南,,,"
ＪＲ山手線/秋葉原駅 歩4分
東京メトロ日比谷線/秋葉原駅 歩3分
都営新宿線/岩本町駅 歩7分
",,リブマックス日本橋茅場町店(株)リブマックスリーシング,https://suumo.jp/chintai/bc_100400788496/
N-stage秋葉原,16.9万円,管理費 25000円,敷-,礼8.45万円,1LDK,42.57m2,南,,,"
ＪＲ山手線/秋葉原駅 歩4分
東京メトロ日比谷線/秋葉原駅 歩3分
都営新宿線/岩本町駅 歩7分
",,リブマックス高田馬場店(株)リブマックスリーシング,https://suumo.jp/chintai/bc_100400834598/
N-stage秋葉原,16.9万円,管理費 25000円,敷-,礼8.45万円,1LDK,42.57m2,南,,,"
ＪＲ山手線/秋葉原駅 歩4分
東京メトロ日比谷線/秋葉原駅 歩3分
都営新宿線/岩本町駅 歩7分
",,リブマックス品川駅前店(株)リブマックスリーシング,https://suumo.jp/chintai/bc_100400834134/
ＪＲ山手線 秋葉原駅 12階建 築7年,16.9万円,管理費 25000円,敷-,礼8.45万円,1LDK,42.57m2,南,,,"
ＪＲ山手線/秋葉原駅 歩4分
東京メトロ日比谷線/秋葉原駅 歩3分
都営新宿線/岩本町駅 歩7分
",,リブマックス新宿店(株)リブ・マックス,https://suumo.jp/chintai/bc_100400834920/
レオーネ秋葉原,24.4万円,管理費 18000円,敷24.4万円,礼24.4万円,2LDK,51.63m2,北,,,"
ＪＲ総武線/浅草橋駅 歩6分
ＪＲ山手線/秋葉原駅 歩10分
ＪＲ総武線快速/馬喰町駅 歩9分
",,アエラス御茶ノ水店 (株)アエラス,https://suumo.jp/chintai/bc_100400053066/
TK猿楽町レジデンス 201号室,25.4万円,管理費 10000円,敷25.4万円,礼25.4万円,2DK,56.4m2,北東,,,"
東京メトロ半蔵門線/神保町駅 歩5分
ＪＲ総武線/水道橋駅 歩7分
都営三田線/水道橋駅 歩8分
",,(株)AYホームズ,https://suumo.jp/chintai/bc_100400762763/
Ａｎｖｉｌｌｅ神田司町 802号室,20.3万円,管理費 15000円,敷20.3万円,礼20.3万円,1LDK,43.53m2,-,,,"
東京メトロ丸ノ内線/淡路町駅 歩4分
ＪＲ京浜東北線/神田駅 歩7分
東京メトロ丸ノ内線/大手町駅 歩10分
",,(株)S-FITお部屋探しCAFE ヘヤギメ!御茶ノ水店,https://suumo.jp/chintai/bc_100400807608/
Ａｎｖｉｌｌｅ神田司町 802号室,20.3万円,管理費 15000円,敷20.3万円,礼20.3万円,1LDK,43.53m2,-,,,"
東京メトロ丸ノ内線/淡路町駅 歩4分
ＪＲ京浜東北線/神田駅 歩7分
東京メトロ丸ノ内線/大手町駅 歩10分
",,(株)S-FITお部屋探しCAFE ヘヤギメ!錦糸町店,https://suumo.jp/chintai/bc_100400824021/
東京メトロ丸ノ内線 淡路町駅 12階建 築8年,20.3万円,管理費 15000円,敷20.3万円,礼20.3万円,1LDK,43.53m2,南,,,"
東京メトロ丸ノ内線/淡路町駅 歩4分
都営新宿線/小川町駅 歩4分
ＪＲ山手線/神田駅 歩7分
",,(株)Ivel,https://suumo.jp/chintai/bc_100400807549/
御茶ノ水ロイヤルハイツ 1005号室,39万円,管理費 -,敷78万円,礼39万円,3LDK,99.66m2,南西,,,"
ＪＲ中央線/御茶ノ水駅 歩6分
ＪＲ総武線/水道橋駅 歩5分

",,(有)エスペランザ・コーポレーション,https://suumo.jp/chintai/bc_100400763142/
ＪＲ山手線 神田駅 11階建 築7年,20万円,管理費 10000円,敷20万円,礼20万円,1LDK,42.07m2,南,,,"
ＪＲ山手線/神田駅 歩4分
東京メトロ日比谷線/秋葉原駅 歩10分
都営新宿線/岩本町駅 歩8分
",,(株)Ivel,https://suumo.jp/chintai/bc_100400774342/
アーバネックス千代田淡路町,23.5万円,管理費 20000円,敷23.5万円,礼-,2LDK,40.08m2,南東,,,"
東京メトロ丸ノ内線/淡路町駅 歩1分
ＪＲ山手線/神田駅 歩9分
東京メトロ千代田線/新御茶ノ水駅 歩1分
",,アエラス御茶ノ水店 (株)アエラス,https://suumo.jp/chintai/bc_100399961553/
アーバネックス千代田淡路町,23.5万円,管理費 20000円,敷23.5万円,礼-,2LDK,40.08m2,南,,,"
都営新宿線/小川町駅 歩1分
ＪＲ山手線/神田駅 歩10分
ＪＲ総武線/御茶ノ水駅 歩12分
",,いい部屋ネット大東建託リーシング(株)北千住駅前店,https://suumo.jp/chintai/bc_100400175748/
アーバネックス千代田淡路町,23.7万円,管理費 20000円,敷23.7万円,礼-,2LDK,40.08m2,南東,,,"
東京メトロ丸ノ内線/淡路町駅 歩1分
ＪＲ山手線/神田駅 歩9分
東京メトロ千代田線/新御茶ノ水駅 歩1分
",,ソレイユ神田店 (株)ソレイユ,https://suumo.jp/chintai/bc_100400309798/
アーバネックス千代田淡路町,23.7万円,管理費 20000円,敷23.7万円,礼-,2LDK,40.08m2,南東,,,"
東京メトロ丸ノ内線/淡路町駅 歩1分
ＪＲ山手線/神田駅 歩9分
東京メトロ千代田線/新御茶ノ水駅 歩1分
",,アエラス新橋店 (株)アエラス.ER,https://suumo.jp/chintai/bc_100400482888/
アーバネックス千代田淡路町,23.7万円,管理費 20000円,敷23.7万円,礼-,2LDK,40.08m2,南,,,"
都営新宿線/小川町駅 歩1分
ＪＲ山手線/神田駅 歩10分
ＪＲ総武線/御茶ノ水駅 歩12分
",,いい部屋ネット大東建託リーシング(株)北千住駅前店,https://suumo.jp/chintai/bc_100400663601/
アーバネックス千代田淡路町,18.5万円,管理費 15000円,敷18.5万円,礼-,1LDK,31.96m2,-,,,"
東京メトロ丸ノ内線/淡路町駅 歩4分
東京メトロ千代田線/新御茶ノ水駅 歩5分
ＪＲ山手線/神田駅 歩10分
",,(株)金葉マネジメント本店,https://suumo.jp/chintai/bc_100400644828/
GENOVIA 東神田 green veil(ジェノヴィア東神田グリー,20.3万円,管理費 15000円,敷-,礼-,1LDK,42.71m2,西,,,"
ＪＲ総武線快速/馬喰町駅 歩4分
都営浅草線/浅草橋駅 歩6分
東京メトロ日比谷線/小伝馬町駅 歩9分
",,みんなのへや人形町駅前店(株)Lotus Link,https://suumo.jp/chintai/bc_100400814022/
GENOVIA 東神田 green veil(ジェノヴィア東神田グリー,20.3万円,管理費 15000円,敷-,礼-,1LDK,42.71m2,西,,,"
ＪＲ総武線快速/馬喰町駅 歩4分
都営新宿線/岩本町駅 歩5分
都営浅草線/東日本橋駅 歩9分
",,みんなのへや八丁堀駅前店(株)Lotus Link,https://suumo.jp/chintai/bc_100400811799/
GENOVIA 東神田 green veil(ジェノヴィア東神田グリー,20.3万円,管理費 15000円,敷-,礼-,1LDK,42.71m2,西,,,"
ＪＲ総武線快速/馬喰町駅 歩4分
都営新宿線/岩本町駅 歩5分
都営浅草線/東日本橋駅 歩9分
",,みんなのへや新橋店(株)Lotus Link,https://suumo.jp/chintai/bc_100400810311/
シルヴァーアウル 401号室,16万円,管理費 10000円,敷16万円,礼16万円,1LDK,42.04m2,南西,,,"
都営新宿線/岩本町駅 歩4分
ＪＲ総武線快速/馬喰町駅 歩7分
ＪＲ山手線/秋葉原駅 歩9分
",,グランデ日本橋店 (株)グランデ,https://suumo.jp/chintai/bc_100400005148/
シルヴァーアウル 401号室,16万円,管理費 10000円,敷16万円,礼16万円,1LDK,42.04m2,南西,,,"
都営新宿線/岩本町駅 歩4分
ＪＲ総武線快速/馬喰町駅 歩7分
ＪＲ山手線/秋葉原駅 歩9分
",,グランデ上野店 (株)グランデ,https://suumo.jp/chintai/bc_100400002373/
パークルール神田司町ロンド,15.2万円,管理費 15000円,敷15.2万円,礼-,1LDK,25.76m2,北西,,,"
東京メトロ丸ノ内線/淡路町駅 歩4分
ＪＲ山手線/神田駅 歩7分
ＪＲ総武線快速/新日本橋駅 歩13分
",,いい部屋ネット大東建託リーシング(株)亀戸店,https://suumo.jp/chintai/bc_100400124757/
パークルール神田司町ロンド,15.2万円,管理費 15000円,敷15.2万円,礼-,1LDK,25.76m2,北西,,,"
東京メトロ丸ノ内線/淡路町駅 歩4分
ＪＲ山手線/神田駅 歩7分
ＪＲ総武線快速/新日本橋駅 歩13分
",,いい部屋ネット大東建託リーシング(株)池袋東口店,https://suumo.jp/chintai/bc_100400064267/
パークルール神田司町ロンド,15.2万円,管理費 15000円,敷15.2万円,礼-,1LDK,25.76m2,北西,,,"
東京メトロ丸ノ内線/淡路町駅 歩4分
ＪＲ山手線/神田駅 歩7分
ＪＲ総武線快速/新日本橋駅 歩13分
",,いい部屋ネット大東建託リーシング(株)北千住駅前店,https://suumo.jp/chintai/bc_100400357384/
パークルール神田司町ロンド,15.2万円,管理費 15000円,敷15.2万円,礼-,1LDK,25.76m2,北西,,,"
東京メトロ丸ノ内線/淡路町駅 歩4分
ＪＲ山手線/神田駅 歩7分
ＪＲ総武線快速/新日本橋駅 歩13分
",,いい部屋ネット大東建託リーシング(株)新宿店,https://suumo.jp/chintai/bc_100399957531/
レジディア神田岩本町ＩＩ,16万円,管理費 10000円,敷-,礼-,2K,37.26m2,南,,,"
都営新宿線/岩本町駅 歩3分
東京メトロ日比谷線/秋葉原駅 歩5分
ＪＲ山手線/秋葉原駅 歩4分
",,(株)S-FITお部屋探しCAFE ヘヤギメ!錦糸町店,https://suumo.jp/chintai/bc_100400824031/
ＪＲ総武線 水道橋駅 9階建 築27年,24万円,管理費 15000円,敷24万円,礼-,2LDK,63.95m2,-,,,"
ＪＲ総武線/水道橋駅 歩5分
都営三田線/神保町駅 歩6分
東京メトロ東西線/九段下駅 歩9分
",,(株)東京めぞん,https://suumo.jp/chintai/bc_100400540143/
ザ・パークハビオ飯田橋プレイス,21万円,管理費 15000円,敷21万円,礼-,1LDK,40.21m2,南,,,"
東京メトロ東西線/飯田橋駅 歩4分
東京メトロ東西線/九段下駅 歩6分
ＪＲ中央線/飯田橋駅 歩6分
",,(株)S-FITお部屋探しCAFE ヘヤギメ!御茶ノ水店,https://suumo.jp/chintai/bc_100400773207/
東京メトロ東西線 飯田橋駅 12階建 築4年,21万円,管理費 15000円,敷21万円,礼-,1LDK,40.21m2,-,,,"
東京メトロ東西線/飯田橋駅 歩4分
東京メトロ東西線/九段下駅 歩6分
ＪＲ中央線/水道橋駅 歩11分
",,(株)クライスホーム,https://suumo.jp/chintai/bc_100400783125/
ザ・パークハビオ飯田橋プレイス,21万円,管理費 15000円,敷21万円,礼-,1LDK,40.21m2,北,,,"
ＪＲ中央線/飯田橋駅 歩4分
都営新宿線/九段下駅 歩6分
東京メトロ半蔵門線/神保町駅 歩14分
",,(株)タウンハウジング東京 秋葉原店,https://suumo.jp/chintai/bc_100392259752/
レーヴ半蔵門,31.9万円,管理費 11000円,敷-,礼31.9万円,1SLDK,54.15m2,東,,,"
東京メトロ半蔵門線/半蔵門駅 歩3分
東京メトロ有楽町線/麹町駅 歩7分
東京メトロ南北線/永田町駅 歩7分
",,フランクエステート(株),https://suumo.jp/chintai/bc_100400784300/
パティオ神田,13万円,管理費 15000円,敷13万円,礼-,1LDK,30.04m2,北西,,,"
ＪＲ山手線/神田駅 歩5分
東京メトロ日比谷線/小伝馬町駅 歩4分
都営新宿線/岩本町駅 歩4分
",,(株)サンコーホーム,https://suumo.jp/chintai/bc_100400812032/
都営新宿線 神保町駅 14階建 新築,18.7万円,管理費 12000円,敷18.7万円,礼-,1LDK,32.51m2,南東,,,"
都営新宿線/神保町駅 歩4分
ＪＲ中央線/水道橋駅 歩6分
ＪＲ中央線/御茶ノ水駅 歩10分
",,(株)TORAICHI,https://suumo.jp/chintai/bc_100400753004/
フォレシティ秋葉原,34.6万円,管理費 10000円,敷34.6万円,礼34.6万円,2LDK,62.1m2,南,,,"
東京メトロ日比谷線/秋葉原駅 歩2分
ＪＲ山手線/秋葉原駅 歩4分
都営新宿線/岩本町駅 歩6分
",,リブマックス高田馬場店(株)リブマックスリーシング,https://suumo.jp/chintai/bc_100400834720/
ＰＥＡＫＳ神田,18.9万円,管理費 10000円,敷18.9万円,礼-,1LDK,40.13m2,南,,,"
ＪＲ総武線快速/新日本橋駅 歩4分
ＪＲ山手線/神田駅 歩6分
東京メトロ日比谷線/小伝馬町駅 歩7分
",,いい部屋ネット大東建託リーシング(株)北千住駅前店,https://suumo.jp/chintai/bc_100400004287/
都営三田線 神保町駅 12階建 築4年,22.5万円,管理費 -,敷22.5万円,礼45万円,1LDK,43.48m2,-,,,"
都営三田線/神保町駅 歩4分
東京メトロ千代田線/新御茶ノ水駅 歩6分
都営新宿線/小川町駅 歩8分
",,(株)Ivel,https://suumo.jp/chintai/bc_100400774343/
東京メトロ日比谷線 秋葉原駅 11階建 築3年,24.4万円,管理費 18000円,敷24.4万円,礼24.4万円,2LDK,51.63m2,東,,,"
東京メトロ日比谷線/秋葉原駅 歩7分
ＪＲ総武線/浅草橋駅 歩5分
都営新宿線/岩本町駅 歩7分
",,ファストリビング麹町本店(株)ファスト不動産,https://suumo.jp/chintai/bc_100301835980/
ＰＥＡＫＳ神田,19万円,管理費 10000円,敷19万円,礼-,1LDK,40.13m2,南,,,"
ＪＲ総武線快速/新日本橋駅 歩4分
ＪＲ山手線/神田駅 歩6分
東京メトロ日比谷線/小伝馬町駅 歩7分
",,いい部屋ネット大東建託リーシング(株)北千住駅前店,https://suumo.jp/chintai/bc_100400004526/
ＪＲ総武線快速 馬喰町駅 16階建 築17年,20.2万円,管理費 13000円,敷20.2万円,礼-,1LDK,49.01m2,北西,,,"
ＪＲ総武線快速/馬喰町駅 歩4分
都営新宿線/馬喰横山駅 歩6分
東京メトロ日比谷線/小伝馬町駅 歩5分
",,Keeyls(株),https://suumo.jp/chintai/bc_100397108967/
グラントゥルース神田岩本町 202号室,16.9万円,管理費 9000円,敷-,礼-,1LDK,44.47m2,北,,,"
東京メトロ日比谷線/小伝馬町駅 歩4分
都営新宿線/岩本町駅 歩5分
ＪＲ山手線/神田駅 歩7分
",,神宮前不動産(株)公園前店,https://suumo.jp/chintai/bc_100400786119/
東京メトロ半蔵門線 半蔵門駅 10階建 築44年,26.5万円,管理費 15000円,敷26.5万円,礼26.5万円,2LDK,86.55m2,東,,,"
東京メトロ半蔵門線/半蔵門駅 歩4分
東京メトロ有楽町線/麹町駅 歩6分
東京メトロ南北線/永田町駅 歩8分
",,お部屋探し情報館(株)エーアイアール麻布十番本店,https://suumo.jp/chintai/bc_100400827326/
東京メトロ日比谷線 秋葉原駅 11階建 築3年,25.2万円,管理費 18000円,敷25.2万円,礼25.2万円,2LDK,51.63m2,東,,,"
東京メトロ日比谷線/秋葉原駅 歩7分
ＪＲ総武線/浅草橋駅 歩5分
都営新宿線/岩本町駅 歩7分
",,ファストリビング麹町本店(株)ファスト不動産,https://suumo.jp/chintai/bc_100390106437/
Ｂｅｌｌｅ　Ｖｕｅ　千代田飯田橋 1102号室,24万円,管理費 10000円,敷24万円,礼24万円,1LDK,38.43m2,南,,,"
東京メトロ東西線/飯田橋駅 歩4分
ＪＲ中央線/飯田橋駅 歩6分
東京メトロ東西線/九段下駅 歩6分
",,(株)S-FITお部屋探しCAFE ヘヤギメ!錦糸町店,https://suumo.jp/chintai/bc_100400824018/
ピークス神田【PEAKS神田】,16.9万円,管理費 10000円,敷16.9万円,礼-,1LDK,35.74m2,東,,,"
ＪＲ総武線快速/新日本橋駅 歩3分
ＪＲ山手線/神田駅 歩5分
東京メトロ銀座線/三越前駅 歩5分
",,トレント飯田橋支店(株)クルーズカンパニー,https://suumo.jp/chintai/bc_100400828842/
東京メトロ日比谷線 秋葉原駅 9階建 築19年,18万円,管理費 10000円,敷18万円,礼18万円,1LDK,39.58m2,南,,,"
東京メトロ日比谷線/秋葉原駅 歩4分
都営新宿線/岩本町駅 歩7分
ＪＲ総武線/浅草橋駅 歩7分
",,(株)Ivel,https://suumo.jp/chintai/bc_100400774346/
パークアクシス秋葉原,18万円,管理費 10000円,敷18万円,礼18万円,1LDK,39.58m2,南,,,"
東京メトロ日比谷線/秋葉原駅 歩4分
ＪＲ山手線/秋葉原駅 歩5分
都営新宿線/岩本町駅 歩8分
",,(株)BaseLiving,https://suumo.jp/chintai/bc_100400785771/
パークアクシス神田レジデンス 904号室,21.7万円,管理費 12000円,敷21.7万円,礼-,1LDK,33.34m2,東,,,"
東京メトロ丸ノ内線/淡路町駅 歩4分
ＪＲ山手線/神田駅 歩8分
ＪＲ中央線/神田駅 歩8分
",,そらうみリアルエステート(株)賃貸事業本部,https://suumo.jp/chintai/bc_100400753012/
パークアクシス神田レジデンス 904号室,21.7万円,管理費 12000円,敷21.7万円,礼-,1LDK,33.34m2,東,,,"
東京メトロ丸ノ内線/淡路町駅 歩4分
ＪＲ山手線/神田駅 歩8分
ＪＲ中央線/神田駅 歩8分
",,そらうみリアルエステート(株)本店,https://suumo.jp/chintai/bc_100400752943/
パークアクシス神田レジデンス 904号室,21.7万円,管理費 12000円,敷21.7万円,礼-,1LDK,33.34m2,東,,,"
東京メトロ丸ノ内線/淡路町駅 歩4分
ＪＲ山手線/神田駅 歩8分
ＪＲ中央線/神田駅 歩8分
",,(株)ユウキ・ホーム麻布十番サテライト店,https://suumo.jp/chintai/bc_100400752412/
パークアクシス神田レジデンス 904号室,21.7万円,管理費 12000円,敷21.7万円,礼-,1LDK,33.34m2,東,,,"
東京メトロ丸ノ内線/淡路町駅 歩4分
ＪＲ山手線/神田駅 歩8分
ＪＲ中央線/神田駅 歩8分
",,(株)ユウキ・ホーム麻布十番網代公園店,https://suumo.jp/chintai/bc_100400752908/
パークルール大手町,16.5万円,管理費 20000円,敷-,礼-,1LDK,27.21m2,南,,,"
東京メトロ丸ノ内線/淡路町駅 歩4分
都営新宿線/小川町駅 歩4分
ＪＲ山手線/神田駅 歩9分
",,いい部屋ネット大東建託リーシング(株)北千住駅前店,https://suumo.jp/chintai/bc_100352400355/
パークタワー秋葉原,18.9万円,管理費 -,敷18.9万円,礼18.9万円,1LDK,42.1m2,東,,,"
ＪＲ山手線/秋葉原駅 歩4分
東京メトロ銀座線/末広町駅 歩6分
都営新宿線/岩本町駅 歩7分
",,みんなのへや八丁堀駅前店(株)Lotus Link,https://suumo.jp/chintai/bc_100400811763/
パークタワー秋葉原,18.9万円,管理費 -,敷18.9万円,礼18.9万円,1LDK,42.1m2,東,,,"
ＪＲ山手線/秋葉原駅 歩4分
東京メトロ銀座線/末広町駅 歩6分
都営新宿線/岩本町駅 歩7分
",,みんなのへや新橋店(株)Lotus Link,https://suumo.jp/chintai/bc_100400810201/
パークタワー秋葉原,18.9万円,管理費 -,敷18.9万円,礼18.9万円,1LDK,42.1m2,東,,,"
ＪＲ山手線/秋葉原駅 歩4分
東京メトロ銀座線/末広町駅 歩6分
都営新宿線/岩本町駅 歩7分
",,みんなのへや人形町駅前店(株)Lotus Link,https://suumo.jp/chintai/bc_100400814042/
東京メトロ有楽町線 市ケ谷駅 地下1地上4階建 築5年,28.9万円,管理費 4400円,敷-,礼28.9万円,2LDK,59.01m2,南東,,,"
東京メトロ有楽町線/市ケ谷駅 歩7分
東京メトロ半蔵門線/半蔵門駅 歩9分
東京メトロ有楽町線/麹町駅 歩11分
",,(株)ルーム,https://suumo.jp/chintai/bc_100400752136/
東京メトロ銀座線 神田駅 11階建 築12年,18万円,管理費 -,敷18万円,礼18万円,1LDK,40.01m2,南,,,"
東京メトロ銀座線/神田駅 歩5分
東京メトロ丸ノ内線/淡路町駅 歩4分

",,(株)Ivel,https://suumo.jp/chintai/bc_100400774344/
グランジット神田司町,18.8万円,管理費 13000円,敷-,礼18.8万円,1LDK,43.18m2,北西,,,"
東京メトロ丸ノ内線/淡路町駅 歩4分
ＪＲ山手線/神田駅 歩8分
ＪＲ総武線/御茶ノ水駅 歩13分
",,いい部屋ネット大東建託リーシング(株)北千住駅前店,https://suumo.jp/chintai/bc_100400003852/
パークコート千代田四番町,40万円,管理費 20000円,敷40万円,礼40万円,2LDK,55.77m2,北西,,,"
ＪＲ中央線/市ケ谷駅 歩6分
東京メトロ有楽町線/麹町駅 歩4分
東京メトロ半蔵門線/半蔵門駅 歩11分
",,いい部屋ネット大東建託リーシング(株)北千住駅前店,https://suumo.jp/chintai/bc_100400357269/
ベルファース神田神保町 1006号室,23.4万円,管理費 15000円,敷23.4万円,礼-,1LDK,40.08m2,南東,,,"
東京メトロ半蔵門線/神保町駅 歩4分
ＪＲ中央線/水道橋駅 歩8分
都営三田線/神保町駅 歩4分
",,(株)S-FITお部屋探しCAFE ヘヤギメ!錦糸町店,https://suumo.jp/chintai/bc_100400824022/
パークアクシス神保町,23.7万円,管理費 12000円,敷23.7万円,礼23.7万円,1LDK,41.03m2,南西,,,"
都営新宿線/神保町駅 歩4分
ＪＲ中央線/水道橋駅 歩6分
東京メトロ半蔵門線/九段下駅 歩9分
",,(株)タウンハウジング東京 秋葉原店,https://suumo.jp/chintai/bc_100374611447/
パークハウス・ジオ六番町 201号室,82万円,管理費 30000円,敷82万円,礼82万円,2LDK,115.01m2,南東,,,"
ＪＲ総武線/四ツ谷駅 歩5分
東京メトロ有楽町線/麹町駅 歩9分
ＪＲ中央線/市ケ谷駅 歩10分
",,いい部屋ネット大東建託リーシング(株)北千住駅前店,https://suumo.jp/chintai/bc_100400357198/
パークアクシス神保町 501号室,24万円,管理費 12000円,敷24万円,礼24万円,1LDK,41.03m2,南西,,,"
都営新宿線/神保町駅 歩4分
ＪＲ総武線/水道橋駅 歩6分
都営三田線/神保町駅 歩6分
",,(株)BaseLiving,https://suumo.jp/chintai/bc_100400791589/
ＪＲ中央線 市ケ谷駅 14階建 築2年,42万円,管理費 -,敷42万円,礼42万円,2LDK,55.77m2,北西,,,"
ＪＲ中央線/市ケ谷駅 歩6分
東京メトロ有楽町線/麹町駅 歩4分
東京メトロ半蔵門線/半蔵門駅 歩9分
",,御茶ノ水不動産スーペリアホーム スーペリアス(株),https://suumo.jp/chintai/bc_100400639591/
都営新宿線 岩本町駅 13階建 築18年,16万円,管理費 10000円,敷-,礼-,2K,37.26m2,南,,,"
都営新宿線/岩本町駅 歩3分
東京メトロ日比谷線/小伝馬町駅 歩7分
ＪＲ総武線/秋葉原駅 歩8分
",,御茶ノ水不動産スーペリアホーム スーペリアス(株),https://suumo.jp/chintai/bc_100399339796/
東京メトロ東西線 九段下駅 地下1地上13階建 築10年,21.5万円,管理費 18000円,敷21.5万円,礼-,1LDK,40.07m2,南,,,"
東京メトロ東西線/九段下駅 歩3分
東京メトロ東西線/飯田橋駅 歩5分
都営三田線/水道橋駅 歩12分
",,(株)ステップボード,https://suumo.jp/chintai/bc_100400778844/
ベルファース神田神保町 1204号室,24.5万円,管理費 15000円,敷24.5万円,礼-,1LDK,40.08m2,南東,,,"
東京メトロ半蔵門線/神保町駅 歩4分
ＪＲ中央線/水道橋駅 歩8分
都営三田線/神保町駅 歩4分
",,フランクエステート(株),https://suumo.jp/chintai/bc_100400784226/
ＪＲ中央線 飯田橋駅 地下2地上40階建 築11年,33.7万円,管理費 15000円,敷33.7万円,礼67.4万円,1LDK,45.97m2,南東,,,"
ＪＲ中央線/飯田橋駅 歩4分
東京メトロ有楽町線/飯田橋駅 歩4分

",,Keeyls(株),https://suumo.jp/chintai/bc_100400779351/
Belle Vue 千代田飯田橋　ベルビュー千代田飯田橋 604号室,20.8万円,管理費 10000円,敷20.8万円,礼20.8万円,1LDK,36.72m2,-,,,"
東京メトロ東西線/飯田橋駅 歩4分
都営三田線/水道橋駅 歩17分
東京メトロ丸ノ内線/後楽園駅 歩18分
",,(株)ユウキ・ホーム麻布十番網代公園店,https://suumo.jp/chintai/bc_100385040748/
Belle Vue 千代田飯田橋　ベルビュー千代田飯田橋 604号室,20.8万円,管理費 10000円,敷20.8万円,礼20.8万円,1LDK,36.72m2,-,,,"
東京メトロ東西線/飯田橋駅 歩4分
都営三田線/水道橋駅 歩17分
東京メトロ丸ノ内線/後楽園駅 歩18分
",,(株)ユウキ・ホーム麻布十番サテライト店,https://suumo.jp/chintai/bc_100385034846/
Belle Vue 千代田飯田橋　ベルビュー千代田飯田橋 604号室,20.8万円,管理費 10000円,敷20.8万円,礼20.8万円,1LDK,36.72m2,-,,,"
東京メトロ東西線/飯田橋駅 歩4分
都営三田線/水道橋駅 歩17分
東京メトロ丸ノ内線/後楽園駅 歩18分
",,そらうみリアルエステート(株)本店,https://suumo.jp/chintai/bc_100385040950/
ＰＥＡＫＳ神田,16.9万円,管理費 10000円,敷16.9万円,礼-,1LDK,35.74m2,東,,,"
ＪＲ山手線/神田駅 歩5分
ＪＲ総武線快速/新日本橋駅 歩4分
東京メトロ日比谷線/小伝馬町駅 歩7分
",,東急リバブル(株)銀座センター,https://suumo.jp/chintai/bc_100400791976/
ＰＥＡＫＳ神田,16.9万円,管理費 10000円,敷16.9万円,礼-,1LDK,35.74m2,東,,,"
ＪＲ山手線/神田駅 歩5分
ＪＲ総武線快速/新日本橋駅 歩4分
東京メトロ日比谷線/小伝馬町駅 歩7分
",,いい部屋ネット大東建託リーシング(株)新宿店,https://suumo.jp/chintai/bc_100400819787/
ＰＥＡＫＳ神田,16.9万円,管理費 10000円,敷16.9万円,礼-,1LDK,35.74m2,東,,,"
ＪＲ山手線/神田駅 歩5分
ＪＲ総武線快速/新日本橋駅 歩4分
東京メトロ日比谷線/小伝馬町駅 歩7分
",,(株)タウンハウジング東京 御茶ノ水店,https://suumo.jp/chintai/bc_100397990043/
ＪＲ山手線 神田駅 14階建 築8年,16.9万円,管理費 10000円,敷16.9万円,礼-,1LDK,35.74m2,-,,,"
ＪＲ山手線/神田駅 歩5分
東京メトロ銀座線/三越前駅 歩5分
東京メトロ日比谷線/秋葉原駅 歩9分
",,(株)アインスホーム神田東口支店,https://suumo.jp/chintai/bc_100400812927/
ＪＲ山手線 神田駅 14階建 築8年,16.9万円,管理費 10000円,敷16.9万円,礼-,1LDK,35.74m2,-,,,"
ＪＲ山手線/神田駅 歩5分
東京メトロ銀座線/三越前駅 歩5分
東京メトロ日比谷線/秋葉原駅 歩9分
",,(株)アインスホーム神田駅前店,https://suumo.jp/chintai/bc_100400806550/
ＪＲ山手線 神田駅 14階建 築8年,16.9万円,管理費 10000円,敷16.9万円,礼-,1LDK,35.74m2,東,,,"
ＪＲ山手線/神田駅 歩5分
ＪＲ総武線快速/新日本橋駅 歩4分
東京メトロ日比谷線/小伝馬町駅 歩7分
",,(株)Lim estate,https://suumo.jp/chintai/bc_100400833990/
フトューロ東神田,17.9万円,管理費 15000円,敷8.95万円,礼17.9万円,1LDK,43.42m2,南,,,"
都営浅草線/浅草橋駅 歩3分
ＪＲ総武線快速/馬喰町駅 歩6分
都営新宿線/岩本町駅 歩8分
",,みんなのへや新橋店(株)Lotus Link,https://suumo.jp/chintai/bc_100400777059/
フトューロ東神田,17.9万円,管理費 15000円,敷8.95万円,礼17.9万円,1LDK,43.42m2,南,,,"
都営浅草線/浅草橋駅 歩3分
ＪＲ総武線快速/馬喰町駅 歩6分
ＪＲ山手線/秋葉原駅 歩8分
",,みんなのへや八丁堀駅前店(株)Lotus Link,https://suumo.jp/chintai/bc_100400777412/
フトューロ東神田,17.9万円,管理費 15000円,敷8.95万円,礼17.9万円,1LDK,43.42m2,東,,,"
ＪＲ総武線/浅草橋駅 歩3分
ＪＲ山手線/秋葉原駅 歩8分
都営新宿線/岩本町駅 歩10分
",,(株)BaseLiving,https://suumo.jp/chintai/bc_100400791777/
フトューロ東神田,17.9万円,管理費 15000円,敷8.95万円,礼17.9万円,1LDK,43.42m2,南,,,"
都営浅草線/浅草橋駅 歩3分
ＪＲ総武線快速/馬喰町駅 歩6分
都営新宿線/馬喰横山駅 歩10分
",,みんなのへや人形町駅前店(株)Lotus Link,https://suumo.jp/chintai/bc_100400777729/
ＪＲ中央線 飯田橋駅 12階建 築4年,21万円,管理費 15000円,敷21万円,礼-,1LDK,40.21m2,南,,,"
ＪＲ中央線/飯田橋駅 歩4分
東京メトロ東西線/九段下駅 歩6分
都営三田線/水道橋駅 歩10分
",,御茶ノ水不動産スーペリアホーム スーペリアス(株),https://suumo.jp/chintai/bc_100392313041/
東京メトロ東西線 飯田橋駅 12階建 築4年,21万円,管理費 15000円,敷21万円,礼-,1LDK,40.21m2,南,,,"
東京メトロ東西線/飯田橋駅 歩4分
都営新宿線/九段下駅 歩6分
ＪＲ中央線/水道橋駅 歩10分
",,(株)REVE飯田橋店,https://suumo.jp/chintai/bc_100394092005/
ダイナシティ神保町,16万円,管理費 -,敷16万円,礼16万円,1LDK,32.3m2,南,,,"
東京メトロ半蔵門線/神保町駅 歩3分
ＪＲ中央線/水道橋駅 歩7分
東京メトロ東西線/九段下駅 歩7分
",,ピタットハウス飯田橋店スターツピタットハウス(株),https://suumo.jp/chintai/bc_100400825855/
シティインデックス神田,15.3万円,管理費 12000円,敷15.3万円,礼15.3万円,1LDK,32.93m2,南,,,"
都営新宿線/岩本町駅 歩3分
ＪＲ山手線/秋葉原駅 歩8分
ＪＲ山手線/神田駅 歩6分
",,アエラス新橋店 (株)アエラス.ER,https://suumo.jp/chintai/bc_100400410813/
シティインデックス神田,15.3万円,管理費 12000円,敷15.3万円,礼15.3万円,1LDK,32.93m2,南,,,"
都営新宿線/岩本町駅 歩3分
ＪＲ山手線/秋葉原駅 歩8分
ＪＲ山手線/神田駅 歩6分
",,ソレイユ神田店 (株)ソレイユ,https://suumo.jp/chintai/bc_100400479416/
シティインデックス神田,15.3万円,管理費 12000円,敷15.3万円,礼15.3万円,1LDK,32.93m2,南,,,"
都営新宿線/岩本町駅 歩3分
ＪＲ山手線/秋葉原駅 歩8分
ＪＲ山手線/神田駅 歩6分
",,アエラス御茶ノ水店 (株)アエラス,https://suumo.jp/chintai/bc_100400415496/
シティインデックス神田（０１２１７０）,15.3万円,管理費 12000円,敷15.3万円,礼15.3万円,1LDK,32.93m2,南,,,"
都営新宿線/岩本町駅 歩3分
ＪＲ山手線/神田駅 歩6分
ＪＲ総武線/秋葉原駅 歩8分
",,住まいの情報館 グローバル本店(株)D2,https://suumo.jp/chintai/bc_100400192497/
グラントゥルース神田岩本町,16.9万円,管理費 9000円,敷-,礼-,1LDK,44.47m2,北,,,"
東京メトロ日比谷線/小伝馬町駅 歩4分
都営新宿線/岩本町駅 歩5分
ＪＲ山手線/神田駅 歩7分
",,アエラス新橋店 (株)アエラス.ER,https://suumo.jp/chintai/bc_100400129781/
グラントゥルース神田岩本町,16.9万円,管理費 9000円,敷-,礼-,1LDK,44.47m2,北,,,"
東京メトロ日比谷線/小伝馬町駅 歩4分
都営新宿線/岩本町駅 歩5分
ＪＲ山手線/神田駅 歩7分
",,アエラス御茶ノ水店 (株)アエラス,https://suumo.jp/chintai/bc_100400053077/
グラントゥルース神田岩本町,16.9万円,管理費 9000円,敷-,礼-,1LDK,44.47m2,北,,,"
東京メトロ日比谷線/小伝馬町駅 歩4分
都営新宿線/岩本町駅 歩5分
ＪＲ山手線/神田駅 歩7分
",,ソレイユ神田店 (株)ソレイユ,https://suumo.jp/chintai/bc_100400126657/
グラントゥルース神田岩本町,16.9万円,管理費 9000円,敷-,礼-,1LDK,44.47m2,-,,,"
東京メトロ日比谷線/小伝馬町駅 歩4分
都営新宿線/岩本町駅 歩5分
ＪＲ山手線/神田駅 歩7分
",,(株)TNOベストハウス錦糸町本店,https://suumo.jp/chintai/bc_100400068438/
パークルール神田司町ロンド,15万円,管理費 15000円,敷15万円,礼-,1LDK,25.76m2,西,,,"
東京メトロ丸ノ内線/淡路町駅 歩3分
ＪＲ山手線/神田駅 歩6分
都営新宿線/小川町駅 歩3分
",,グランデ池袋店 (株)グランデ,https://suumo.jp/chintai/bc_100399958675/
パークルール神田司町ロンド,15万円,管理費 15000円,敷15万円,礼-,1LDK,25.76m2,西,,,"
東京メトロ丸ノ内線/淡路町駅 歩3分
ＪＲ山手線/神田駅 歩6分
都営新宿線/小川町駅 歩3分
",,グランデ日本橋店 (株)グランデ,https://suumo.jp/chintai/bc_100399959933/
パークルール神田司町ロンド,15万円,管理費 15000円,敷15万円,礼-,1LDK,25.76m2,西,,,"
東京メトロ丸ノ内線/淡路町駅 歩3分
ＪＲ山手線/神田駅 歩6分
都営新宿線/小川町駅 歩3分
",,グランデ上野店 (株)グランデ,https://suumo.jp/chintai/bc_100399958593/
パークアクシス神田レジデンス 404号室,20.7万円,管理費 12000円,敷20.7万円,礼-,1LDK,33.34m2,東,,,"
東京メトロ丸ノ内線/淡路町駅 歩4分
ＪＲ山手線/神田駅 歩8分
ＪＲ京浜東北線/神田駅 歩8分
",,いい部屋ネット大東建託リーシング(株)北千住駅前店,https://suumo.jp/chintai/bc_100400224870/
パークアクシス小伝馬町,16.9万円,管理費 13000円,敷16.9万円,礼16.9万円,1LDK,34.54m2,東,,,"
東京メトロ日比谷線/小伝馬町駅 歩3分
ＪＲ総武線快速/馬喰町駅 歩5分
都営新宿線/馬喰横山駅 歩5分
",,(株)不二興産東京営業所,https://suumo.jp/chintai/bc_100399921702/
パークアクシス小伝馬町,16.9万円,管理費 13000円,敷16.9万円,礼16.9万円,1LDK,34.54m2,東,,,"
東京メトロ日比谷線/小伝馬町駅 歩3分
ＪＲ総武線快速/馬喰町駅 歩5分
都営新宿線/岩本町駅 歩8分
",,いい部屋ネット大東建託リーシング(株)北千住駅前店,https://suumo.jp/chintai/bc_100400224883/
パークルール神田司町ロンド,15.2万円,管理費 15000円,敷15.2万円,礼-,1LDK,25.76m2,西,,,"
東京メトロ丸ノ内線/淡路町駅 歩3分
ＪＲ山手線/神田駅 歩6分
都営新宿線/小川町駅 歩3分
",,グランデ池袋店 (株)グランデ,https://suumo.jp/chintai/bc_100399958676/
パークルール神田司町ロンド,15.2万円,管理費 15000円,敷15.2万円,礼-,1LDK,25.76m2,西,,,"
東京メトロ丸ノ内線/淡路町駅 歩3分
ＪＲ山手線/神田駅 歩6分
都営新宿線/小川町駅 歩3分
",,グランデ上野店 (株)グランデ,https://suumo.jp/chintai/bc_100399958594/
パークルール神田司町ロンド,15.2万円,管理費 15000円,敷15.2万円,礼-,1LDK,25.76m2,西,,,"
東京メトロ丸ノ内線/淡路町駅 歩3分
ＪＲ山手線/神田駅 歩6分
都営新宿線/小川町駅 歩3分
",,グランデ日本橋店 (株)グランデ,https://suumo.jp/chintai/bc_100399959934/
東京メトロ日比谷線 秋葉原駅 12階建 築3年,15.3万円,管理費 9000円,敷15.3万円,礼15.3万円,1LDK,35.44m2,-,,,"
東京メトロ日比谷線/秋葉原駅 歩5分
都営新宿線/岩本町駅 歩7分
ＪＲ総武線/浅草橋駅 歩5分
",,(株)アインスホーム神田東口支店,https://suumo.jp/chintai/bc_100400813148/
東京メトロ日比谷線 秋葉原駅 12階建 築3年,15.3万円,管理費 9000円,敷15.3万円,礼15.3万円,1LDK,35.44m2,-,,,"
東京メトロ日比谷線/秋葉原駅 歩5分
都営新宿線/岩本町駅 歩7分
ＪＲ総武線/浅草橋駅 歩5分
",,(株)アインスホーム神田駅前店,https://suumo.jp/chintai/bc_100400806562/
東京メトロ日比谷線 秋葉原駅 12階建 築3年,15.3万円,管理費 9000円,敷15.3万円,礼15.3万円,1LDK,35.44m2,北,,,"
東京メトロ日比谷線/秋葉原駅 歩5分
ＪＲ総武線/浅草橋駅 歩6分
都営新宿線/岩本町駅 歩7分
",,(株)ルーム,https://suumo.jp/chintai/bc_100273396574/
パークアクシス神田レジデンス 504号室,21.3万円,管理費 12000円,敷21.3万円,礼-,1LDK,33.34m2,東,,,"
東京メトロ丸ノ内線/淡路町駅 歩4分
ＪＲ山手線/神田駅 歩8分
ＪＲ京浜東北線/神田駅 歩8分
",,いい部屋ネット大東建託リーシング(株)北千住駅前店,https://suumo.jp/chintai/bc_100400224860/
パークアクシス神田レジデンス 704号室,21.5万円,管理費 12000円,敷21.5万円,礼-,1LDK,33.34m2,東,,,"
東京メトロ丸ノ内線/淡路町駅 歩4分
ＪＲ山手線/神田駅 歩8分
ＪＲ京浜東北線/神田駅 歩8分
",,いい部屋ネット大東建託リーシング(株)北千住駅前店,https://suumo.jp/chintai/bc_100400224890/
パークアクシス秋葉原,18万円,管理費 10000円,敷18万円,礼18万円,1LDK,39.58m2,南,,,"
東京メトロ日比谷線/秋葉原駅 歩4分
ＪＲ山手線/秋葉原駅 歩5分
都営新宿線/岩本町駅 歩5分
",,いい部屋ネット大東建託リーシング(株)新宿店,https://suumo.jp/chintai/bc_100400481786/
パークアクシス秋葉原,18万円,管理費 10000円,敷18万円,礼18万円,1LDK,39.58m2,南,,,"
東京メトロ日比谷線/秋葉原駅 歩4分
ＪＲ山手線/秋葉原駅 歩5分
都営新宿線/岩本町駅 歩5分
",,いい部屋ネット大東建託リーシング(株)亀戸店,https://suumo.jp/chintai/bc_100400526266/
パークアクシス秋葉原,18万円,管理費 10000円,敷18万円,礼18万円,1LDK,39.58m2,南,,,"
東京メトロ日比谷線/秋葉原駅 歩4分
ＪＲ山手線/秋葉原駅 歩5分
都営新宿線/岩本町駅 歩5分
",,いい部屋ネット大東建託リーシング(株)池袋東口店,https://suumo.jp/chintai/bc_100400532331/
パークアクシス秋葉原,18万円,管理費 10000円,敷18万円,礼18万円,1LDK,38.58m2,南,,,"
ＪＲ山手線/秋葉原駅 歩4分
都営新宿線/岩本町駅 歩7分
ＪＲ総武線快速/馬喰町駅 歩11分
",,(株)ユウキ・ホーム麻布十番店,https://suumo.jp/chintai/bc_100400649305/
パークアクシス秋葉原,18万円,管理費 10000円,敷18万円,礼18万円,1LDK,38.58m2,南,,,"
ＪＲ山手線/秋葉原駅 歩4分
都営新宿線/岩本町駅 歩7分
ＪＲ総武線快速/馬喰町駅 歩11分
",,(株)ユウキ・ホーム麻布十番サテライト店,https://suumo.jp/chintai/bc_100400648903/
パークアクシス秋葉原,18万円,管理費 10000円,敷18万円,礼18万円,1LDK,38.58m2,南,,,"
ＪＲ山手線/秋葉原駅 歩4分
都営新宿線/岩本町駅 歩7分
ＪＲ総武線快速/馬喰町駅 歩11分
",,そらうみリアルエステート(株)本店,https://suumo.jp/chintai/bc_100400650201/
パークアクシス秋葉原,18万円,管理費 10000円,敷18万円,礼18万円,1LDK,38.58m2,南,,,"
ＪＲ山手線/秋葉原駅 歩4分
都営新宿線/岩本町駅 歩7分
ＪＲ総武線快速/馬喰町駅 歩11分
",,そらうみリアルエステート(株)賃貸事業本部,https://suumo.jp/chintai/bc_100400650505/
パークアクシス秋葉原,18万円,管理費 10000円,敷18万円,礼18万円,1LDK,38.58m2,南,,,"
ＪＲ山手線/秋葉原駅 歩4分
都営新宿線/岩本町駅 歩7分
ＪＲ総武線快速/馬喰町駅 歩11分
",,(株)ユウキ・ホーム麻布十番網代公園店,https://suumo.jp/chintai/bc_100400649430/
パークアクシス神田レジデンス 904号室,21.7万円,管理費 12000円,敷21.7万円,礼-,1LDK,33.34m2,東,,,"
東京メトロ丸ノ内線/淡路町駅 歩4分
ＪＲ山手線/神田駅 歩8分
ＪＲ京浜東北線/神田駅 歩8分
",,いい部屋ネット大東建託リーシング(株)北千住駅前店,https://suumo.jp/chintai/bc_100400224786/
ライオンズフォーシア神田須田町,20.7万円,管理費 18000円,敷20.7万円,礼-,1LDK,38.99m2,南,,,"
東京メトロ銀座線/神田駅 歩3分
ＪＲ山手線/秋葉原駅 歩5分
都営新宿線/岩本町駅 歩4分
",,(株)ビッグ秋葉原駅前店,https://suumo.jp/chintai/bc_100400774953/
都営三田線 神保町駅 12階建 築4年,22.5万円,管理費 -,敷22.5万円,礼45万円,1LDK,43.48m2,-,,,"
都営三田線/神保町駅 歩3分
ＪＲ中央線/御茶ノ水駅 歩9分
東京メトロ半蔵門線/大手町駅 歩10分
",,(株)アインスホーム神田東口支店,https://suumo.jp/chintai/bc_100400781492/
都営三田線 神保町駅 12階建 築4年,22.5万円,管理費 -,敷22.5万円,礼45万円,1LDK,43.48m2,-,,,"
都営三田線/神保町駅 歩3分
ＪＲ中央線/御茶ノ水駅 歩9分
東京メトロ半蔵門線/大手町駅 歩10分
",,(株)アインスホーム神田駅前店,https://suumo.jp/chintai/bc_100400759137/
パークアクシス神保町 201号室,23.7万円,管理費 12000円,敷23.7万円,礼23.7万円,1LDK,41.03m2,南西,,,"
東京メトロ半蔵門線/神保町駅 歩4分
ＪＲ中央線/水道橋駅 歩9分
ＪＲ総武線/御茶ノ水駅 歩10分
",,いい部屋ネット大東建託リーシング(株)北千住駅前店,https://suumo.jp/chintai/bc_100369580757/
パークアクシス神保町 501号室,24万円,管理費 12000円,敷24万円,礼24万円,1LDK,41.03m2,南西,,,"
東京メトロ半蔵門線/神保町駅 歩4分
ＪＲ中央線/水道橋駅 歩9分
ＪＲ総武線/御茶ノ水駅 歩10分
",,いい部屋ネット大東建託リーシング(株)北千住駅前店,https://suumo.jp/chintai/bc_100400224845/
TAZ　Building,21.1万円,管理費 15000円,敷21.1万円,礼21.1万円,1LDK,44.82m2,北,,,"
ＪＲ山手線/秋葉原駅 歩3分
都営新宿線/岩本町駅 歩5分
東京メトロ銀座線/末広町駅 歩12分
",,リブマックス高田馬場店(株)リブマックスリーシング,https://suumo.jp/chintai/bc_100400834876/
TAZ　Building,21.1万円,管理費 15000円,敷21.1万円,礼21.1万円,1LDK,44.82m2,北,,,"
ＪＲ山手線/秋葉原駅 歩3分
都営新宿線/岩本町駅 歩5分
東京メトロ銀座線/末広町駅 歩12分
",,リブマックス品川駅前店(株)リブマックスリーシング,https://suumo.jp/chintai/bc_100400753539/
TAZ　Building,21.2万円,管理費 15000円,敷21.2万円,礼21.2万円,1LDK,44.82m2,北,,,"
ＪＲ山手線/秋葉原駅 歩3分
都営新宿線/岩本町駅 歩5分
東京メトロ銀座線/末広町駅 歩12分
",,リブマックス品川駅前店(株)リブマックスリーシング,https://suumo.jp/chintai/bc_100400753587/
TAZ　Building,21.2万円,管理費 15000円,敷21.2万円,礼21.2万円,1LDK,44.82m2,北,,,"
ＪＲ山手線/秋葉原駅 歩3分
都営新宿線/岩本町駅 歩5分
東京メトロ銀座線/末広町駅 歩12分
",,リブマックス高田馬場店(株)リブマックスリーシング,https://suumo.jp/chintai/bc_100400835101/
TAZ　Building,21.4万円,管理費 15000円,敷21.4万円,礼21.4万円,1LDK,44.82m2,北,,,"
ＪＲ山手線/秋葉原駅 歩3分
都営新宿線/岩本町駅 歩5分
東京メトロ銀座線/末広町駅 歩12分
",,リブマックス品川駅前店(株)リブマックスリーシング,https://suumo.jp/chintai/bc_100400753903/
TAZ　Building,21.4万円,管理費 15000円,敷21.4万円,礼21.4万円,1LDK,44.82m2,北,,,"
ＪＲ山手線/秋葉原駅 歩3分
都営新宿線/岩本町駅 歩5分
東京メトロ銀座線/末広町駅 歩12分
",,リブマックス高田馬場店(株)リブマックスリーシング,https://suumo.jp/chintai/bc_100400834819/
ＪＲ総武線 浅草橋駅 11階建 築5年,17.9万円,管理費 15000円,敷8.95万円,礼17.9万円,1LDK,43.42m2,東,,,"
ＪＲ総武線/浅草橋駅 歩3分
ＪＲ山手線/秋葉原駅 歩8分
ＪＲ総武線快速/馬喰町駅 歩7分
",,御茶ノ水不動産スーペリアホーム スーペリアス(株),https://suumo.jp/chintai/bc_100398387193/
都営新宿線 市ケ谷駅 9階建 築10年,18.6万円,管理費 7000円,敷18.6万円,礼37.2万円,1LDK,37.21m2,西,,,"
都営新宿線/市ケ谷駅 歩2分
東京メトロ半蔵門線/半蔵門駅 歩12分
東京メトロ有楽町線/飯田橋駅 歩15分
",,(株)レオコーポレーション,https://suumo.jp/chintai/bc_100400801575/
都営新宿線 市ケ谷駅 地下1地上9階建 築10年,18.6万円,管理費 7000円,敷18.6万円,礼37.2万円,1LDK,37.21m2,北西,,,"
都営新宿線/市ケ谷駅 歩2分
東京メトロ半蔵門線/半蔵門駅 歩10分
東京メトロ有楽町線/麹町駅 歩12分
",,(株)クレディフォルム,https://suumo.jp/chintai/bc_100400818815/
